order_id,order_date,city,customer_segment,product,category,quantity,unit_price,discount_pct,sales,cost,profit,payment_mode,order_status
ORD00001,22-02-26,Chandigarh,Homemaker,Headphones,Electronics,1,2200,20,1760,1319.01,440.99,COD,Cancelled
ORD00002,14-08-26,Chandigarh,Student,Jacket,Fashion,3,3500,15,8925,6409.76,2515.24,UPI,Delivered
ORD00003,09-09-26,Lucknow,Homemaker,Study Table,Furniture,3,6500,5,18525,14504.2,4020.8,Debit Card,Delivered
ORD00004,20-09-26,Ahmedabad,Business Owner,Backpack,Bags,5,1800,15,7650,5974.86,1675.14,UPI,Delivered
ORD00005,08-06-26,Ahmedabad,Business Owner,Jacket,Fashion,2,3500,5,6650,4310.38,2339.62,Debit Card,Delivered
ORD00006,13-09-26,Pune,Homemaker,Casual Shoes,Footwear,1,2800,5,2660,1960.8,699.2,Net Banking,Cancelled
ORD00007,03-09-26,Delhi,Working Professional,Jeans,Fashion,1,1800,5,1710,1376.97,333.03,Credit Card,Delivered
ORD00008,08-08-26,Bengaluru,Working Professional,Smartphone,Electronics,4,28000,10,100800,76012.94,24787.06,UPI,Delivered
ORD00009,09-05-26,Kolkata,Business Owner,Mixer Grinder,Home Appliances,2,4200,10,7560,5767.56,1792.44,COD,Delivered
ORD00010,10-08-26,Jaipur,Student,Mixer Grinder,Home Appliances,2,4200,10,7560,6024.49,1535.51,UPI,Delivered
ORD00011,25-09-26,Mumbai,Working Professional,Smartwatch,Electronics,2,4500,10,8100,5764.33,2335.67,Debit Card,Returned
ORD00012,11-08-26,Delhi,Business Owner,T-Shirt,Fashion,2,900,15,1530,1100.73,429.27,Debit Card,Delivered
ORD00013,21-09-26,Gurgaon,Homemaker,Casual Shoes,Footwear,4,2800,0,11200,8488.11,2711.89,Net Banking,Delivered
ORD00014,10-04-26,Pune,Working Professional,Tablet,Electronics,2,18000,15,30600,21237.19,9362.81,Net Banking,Delivered
ORD00015,12-02-26,Lucknow,Working Professional,Laptop,Electronics,1,55000,10,49500,36101.25,13398.75,UPI,Delivered
ORD00016,02-07-26,Mumbai,Homemaker,Air Fryer,Home Appliances,1,6800,10,6120,4123.09,1996.91,Credit Card,Delivered
ORD00017,16-09-26,Pune,Working Professional,Jacket,Fashion,1,3500,10,3150,2556.71,593.29,Credit Card,Delivered
ORD00018,24-09-26,Pune,Student,Coffee Maker,Home Appliances,1,5200,5,4940,3861.1,1078.9,UPI,Delivered
ORD00019,30-06-26,Delhi,Student,Travel Bag,Bags,3,2600,0,7800,5377.35,2422.65,COD,Returned
ORD00020,04-03-26,Bengaluru,Working Professional,T-Shirt,Fashion,1,900,5,855,585.85,269.15,Credit Card,Delivered
ORD00021,30-04-26,Noida,Homemaker,Coffee Maker,Home Appliances,2,5200,5,9880,6790.36,3089.64,UPI,Delivered
ORD00022,25-01-26,Kolkata,Working Professional,Mouse,Electronics,2,900,0,1800,1349.36,450.64,Net Banking,Delivered
ORD00023,22-09-26,Gurgaon,Working Professional,Electric Kettle,Home Appliances,3,2200,0,6600,4791.52,1808.48,Credit Card,Cancelled
ORD00024,16-07-26,Mumbai,Working Professional,Travel Bag,Bags,1,2600,10,2340,1857.05,482.95,Debit Card,Delivered
ORD00025,28-08-26,Hyderabad,Homemaker,Casual Shoes,Footwear,2,2800,15,4760,3346.98,1413.02,Net Banking,Delivered
ORD00026,18-02-26,Lucknow,Student,Headphones,Electronics,2,2200,10,3960,2672.08,1287.92,UPI,Cancelled
ORD00027,04-04-26,Mumbai,Working Professional,Casual Shoes,Footwear,2,2800,5,5320,4131.85,1188.15,Debit Card,Returned
ORD00028,24-05-26,Chandigarh,Working Professional,Jacket,Fashion,2,3500,15,5950,3946.69,2003.31,COD,Delivered
ORD00029,16-05-26,Pune,Working Professional,Study Table,Furniture,2,6500,10,11700,7564.33,4135.67,UPI,Delivered
ORD00030,24-02-26,Jaipur,Student,Electric Kettle,Home Appliances,1,2200,5,2090,1631.17,458.83,Debit Card,Delivered
ORD00031,12-05-26,Delhi,Student,Bookshelf,Furniture,1,7200,5,6840,4259.77,2580.23,UPI,Delivered
ORD00032,29-06-26,Bengaluru,Student,Monitor,Electronics,1,14000,0,14000,10600.31,3399.69,Net Banking,Delivered
ORD00033,03-03-26,Hyderabad,Business Owner,Bookshelf,Furniture,2,7200,10,12960,9139.71,3820.29,Net Banking,Delivered
ORD00034,12-08-26,Jaipur,Business Owner,Study Table,Furniture,4,6500,5,24700,18946.81,5753.19,Debit Card,Cancelled
ORD00035,11-01-26,Mumbai,Working Professional,Headphones,Electronics,1,2200,5,2090,1540.58,549.42,COD,Delivered
ORD00036,02-03-26,Hyderabad,Business Owner,Smartphone,Electronics,2,28000,0,56000,41652.47,14347.53,COD,Delivered
ORD00037,06-03-26,Pune,Homemaker,Mixer Grinder,Home Appliances,5,4200,5,19950,14063.83,5886.17,Credit Card,Delivered
ORD00038,15-01-26,Hyderabad,Homemaker,Running Shoes,Footwear,2,3200,15,5440,3572.41,1867.59,Debit Card,Delivered
ORD00039,02-08-26,Mumbai,Working Professional,Smartwatch,Electronics,1,4500,0,4500,3277.03,1222.97,COD,Delivered
ORD00040,21-09-26,Mumbai,Business Owner,Tablet,Electronics,3,18000,10,48600,36452.07,12147.93,UPI,Delivered
ORD00041,30-01-26,Kolkata,Working Professional,Electric Kettle,Home Appliances,3,2200,10,5940,3971.25,1968.75,Net Banking,Returned
ORD00042,25-06-26,Mumbai,Business Owner,Backpack,Bags,4,1800,5,6840,5374.94,1465.06,Net Banking,Cancelled
ORD00043,09-06-26,Kolkata,Homemaker,Mixer Grinder,Home Appliances,2,4200,15,7140,5707.75,1432.25,Credit Card,Delivered
ORD00044,25-09-26,Delhi,Working Professional,T-Shirt,Fashion,3,900,20,2160,1690.74,469.26,UPI,Delivered
ORD00045,21-02-26,Delhi,Working Professional,Study Table,Furniture,1,6500,10,5850,3788.41,2061.59,COD,Returned
ORD00046,22-09-26,Kolkata,Working Professional,Study Table,Furniture,2,6500,20,10400,7239.61,3160.39,COD,Delivered
ORD00047,14-05-26,Ahmedabad,Working Professional,Headphones,Electronics,1,2200,10,1980,1359.71,620.29,Credit Card,Delivered
ORD00048,18-07-26,Ahmedabad,Student,Study Table,Furniture,1,6500,5,6175,3994,2181,COD,Delivered
ORD00049,29-03-26,Delhi,Working Professional,Mixer Grinder,Home Appliances,2,4200,5,7980,6243.76,1736.24,Debit Card,Delivered
ORD00050,02-01-26,Noida,Business Owner,Jacket,Fashion,1,3500,0,3500,2251.69,1248.31,Debit Card,Cancelled
ORD00051,24-02-26,Bengaluru,Student,Mouse,Electronics,2,900,10,1620,1084.8,535.2,UPI,Returned
ORD00052,31-08-26,Noida,Working Professional,Travel Bag,Bags,1,2600,5,2470,1589.47,880.53,Debit Card,Returned
ORD00053,05-02-26,Noida,Homemaker,Electric Kettle,Home Appliances,3,2200,15,5610,3865.42,1744.58,Debit Card,Delivered
ORD00054,17-09-26,Mumbai,Homemaker,Office Chair,Furniture,3,8500,5,24225,16594.13,7630.87,Net Banking,Delivered
ORD00055,28-06-26,Mumbai,Homemaker,Bookshelf,Furniture,1,7200,15,6120,4063.89,2056.11,COD,Delivered
ORD00056,07-03-26,Mumbai,Student,Travel Bag,Bags,1,2600,5,2470,1811.29,658.71,Debit Card,Delivered
ORD00057,18-05-26,Gurgaon,Student,Office Chair,Furniture,3,8500,5,24225,15723.78,8501.22,Debit Card,Delivered
ORD00058,18-06-26,Mumbai,Student,Study Table,Furniture,2,6500,10,11700,8188.71,3511.29,Net Banking,Delivered
ORD00059,22-09-26,Mumbai,Business Owner,Electric Kettle,Home Appliances,3,2200,20,5280,3978.62,1301.38,UPI,Delivered
ORD00060,10-05-26,Chandigarh,Homemaker,Travel Bag,Bags,2,2600,0,5200,3805.28,1394.72,Net Banking,Delivered
ORD00061,03-03-26,Jaipur,Business Owner,T-Shirt,Fashion,1,900,0,900,597.58,302.42,UPI,Delivered
ORD00062,09-07-26,Ahmedabad,Working Professional,Mouse,Electronics,3,900,10,2430,1809.29,620.71,COD,Delivered
ORD00063,26-08-26,Kolkata,Working Professional,Laptop,Electronics,5,55000,0,275000,223977.22,51022.78,Debit Card,Delivered
ORD00064,10-03-26,Jaipur,Homemaker,Tablet,Electronics,2,18000,10,32400,24501.79,7898.21,UPI,Delivered
ORD00065,30-08-26,Mumbai,Business Owner,Keyboard,Electronics,2,1800,10,3240,2158.72,1081.28,Debit Card,Delivered
ORD00066,09-05-26,Bengaluru,Working Professional,Bookshelf,Furniture,2,7200,5,13680,10898.2,2781.8,UPI,Delivered
ORD00067,12-04-26,Hyderabad,Homemaker,T-Shirt,Fashion,3,900,5,2565,1977.6,587.4,Debit Card,Delivered
ORD00068,18-09-26,Jaipur,Homemaker,Mouse,Electronics,2,900,15,1530,1212.66,317.34,COD,Delivered
ORD00069,08-09-26,Mumbai,Business Owner,Tablet,Electronics,3,18000,20,43200,31931.98,11268.02,Credit Card,Delivered
ORD00070,12-05-26,Hyderabad,Homemaker,Tablet,Electronics,5,18000,15,76500,50097.52,26402.48,UPI,Returned
ORD00071,08-08-26,Hyderabad,Working Professional,Air Fryer,Home Appliances,5,6800,0,34000,22718.09,11281.91,COD,Delivered
ORD00072,08-09-26,Kolkata,Business Owner,Mouse,Electronics,3,900,5,2565,2038.56,526.44,Debit Card,Delivered
ORD00073,19-03-26,Ahmedabad,Working Professional,Mixer Grinder,Home Appliances,1,4200,10,3780,2751.15,1028.85,Credit Card,Delivered
ORD00074,18-01-26,Jaipur,Working Professional,Smartwatch,Electronics,3,4500,15,11475,8429.4,3045.6,Credit Card,Delivered
ORD00075,28-03-26,Delhi,Working Professional,Office Chair,Furniture,4,8500,10,30600,19755.3,10844.7,Credit Card,Delivered
ORD00076,15-01-26,Hyderabad,Business Owner,Running Shoes,Footwear,2,3200,10,5760,4200.27,1559.73,COD,Delivered
ORD00077,16-06-26,Hyderabad,Student,Tablet,Electronics,2,18000,10,32400,21092.52,11307.48,Net Banking,Delivered
ORD00078,12-05-26,Delhi,Working Professional,Laptop,Electronics,1,55000,5,52250,41213.12,11036.88,COD,Delivered
ORD00079,13-04-26,Gurgaon,Working Professional,Mouse,Electronics,3,900,0,2700,2032.24,667.76,Credit Card,Cancelled
ORD00080,05-08-26,Bengaluru,Business Owner,Electric Kettle,Home Appliances,4,2200,5,8360,5448.23,2911.77,Credit Card,Delivered
ORD00081,04-09-26,Lucknow,Working Professional,Study Table,Furniture,2,6500,5,12350,9998.38,2351.62,UPI,Delivered
ORD00082,28-02-26,Kolkata,Homemaker,Tablet,Electronics,1,18000,10,16200,12272.83,3927.17,Credit Card,Delivered
ORD00083,18-05-26,Mumbai,Homemaker,Running Shoes,Footwear,1,3200,20,2560,1919.07,640.93,UPI,Delivered
ORD00084,07-09-26,Noida,Working Professional,T-Shirt,Fashion,2,900,15,1530,1205.78,324.22,COD,Returned
ORD00085,25-01-26,Kolkata,Business Owner,Monitor,Electronics,4,14000,10,50400,37382.09,13017.91,Debit Card,Returned
ORD00086,27-09-26,Noida,Business Owner,Electric Kettle,Home Appliances,1,2200,10,1980,1443.85,536.15,Debit Card,Cancelled
ORD00087,20-08-26,Pune,Homemaker,Smartphone,Electronics,1,28000,0,28000,20314.77,7685.23,COD,Delivered
ORD00088,14-01-26,Noida,Working Professional,T-Shirt,Fashion,2,900,0,1800,1230.63,569.37,COD,Delivered
ORD00089,24-09-26,Mumbai,Working Professional,Office Chair,Furniture,1,8500,0,8500,6920.31,1579.69,Debit Card,Delivered
ORD00090,05-05-26,Hyderabad,Business Owner,T-Shirt,Fashion,1,900,10,810,578.12,231.88,Net Banking,Delivered
ORD00091,28-02-26,Chandigarh,Homemaker,Smartphone,Electronics,2,28000,10,50400,35668.31,14731.69,Net Banking,Delivered
ORD00092,18-01-26,Gurgaon,Business Owner,Jeans,Fashion,1,1800,15,1530,1066.32,463.68,Credit Card,Delivered
ORD00093,14-01-26,Hyderabad,Working Professional,Jeans,Fashion,1,1800,15,1530,1212.87,317.13,COD,Delivered
ORD00094,29-03-26,Noida,Student,Headphones,Electronics,2,2200,15,3740,2757.55,982.45,Net Banking,Delivered
ORD00095,28-03-26,Mumbai,Student,Travel Bag,Bags,5,2600,5,12350,7783.25,4566.75,Debit Card,Delivered
ORD00096,01-03-26,Hyderabad,Student,Keyboard,Electronics,4,1800,0,7200,5481.57,1718.43,Debit Card,Cancelled
ORD00097,08-04-26,Bengaluru,Student,Casual Shoes,Footwear,3,2800,10,7560,6099.38,1460.62,Debit Card,Delivered
ORD00098,27-05-26,Delhi,Homemaker,Tablet,Electronics,1,18000,0,18000,11896.56,6103.44,Debit Card,Delivered
ORD00099,22-09-26,Lucknow,Homemaker,Tablet,Electronics,3,18000,10,48600,31761.04,16838.96,UPI,Delivered
ORD00100,05-05-26,Pune,Homemaker,Jacket,Fashion,1,3500,10,3150,2245.33,904.67,COD,Delivered
ORD00101,26-03-26,Hyderabad,Business Owner,Tablet,Electronics,1,18000,10,16200,10599.9,5600.1,Net Banking,Delivered
ORD00102,10-01-26,Ahmedabad,Working Professional,Office Chair,Furniture,5,8500,10,38250,27296.04,10953.96,COD,Delivered
ORD00103,18-03-26,Mumbai,Working Professional,Jeans,Fashion,3,1800,15,4590,3281.26,1308.74,Net Banking,Delivered
ORD00104,12-09-26,Kolkata,Business Owner,Jacket,Fashion,1,3500,0,3500,2435.68,1064.32,COD,Delivered
ORD00105,10-05-26,Pune,Working Professional,Backpack,Bags,1,1800,10,1620,1011.21,608.79,Debit Card,Delivered
ORD00106,07-06-26,Delhi,Student,Air Fryer,Home Appliances,2,6800,10,12240,8975.43,3264.57,Debit Card,Delivered
ORD00107,30-08-26,Gurgaon,Homemaker,Keyboard,Electronics,2,1800,10,3240,2166.04,1073.96,UPI,Delivered
ORD00108,28-07-26,Delhi,Homemaker,Tablet,Electronics,1,18000,10,16200,11051.91,5148.09,COD,Returned
ORD00109,16-08-26,Noida,Working Professional,Study Table,Furniture,4,6500,5,24700,18403.24,6296.76,Debit Card,Delivered
ORD00110,13-08-26,Ahmedabad,Business Owner,Casual Shoes,Footwear,3,2800,15,7140,5788.06,1351.94,Debit Card,Delivered
ORD00111,10-06-26,Noida,Student,Casual Shoes,Footwear,2,2800,5,5320,3613.82,1706.18,Credit Card,Delivered
ORD00112,26-07-26,Ahmedabad,Business Owner,Mouse,Electronics,5,900,5,4275,3487.3,787.7,Credit Card,Delivered
ORD00113,22-07-26,Hyderabad,Business Owner,Headphones,Electronics,1,2200,0,2200,1511.5,688.5,COD,Delivered
ORD00114,20-08-26,Hyderabad,Business Owner,Jacket,Fashion,5,3500,10,15750,10860.05,4889.95,UPI,Delivered
ORD00115,06-03-26,Pune,Homemaker,Air Fryer,Home Appliances,3,6800,5,19380,15301.39,4078.61,UPI,Delivered
ORD00116,22-06-26,Pune,Working Professional,Air Fryer,Home Appliances,1,6800,0,6800,5027.41,1772.59,COD,Delivered
ORD00117,17-09-26,Mumbai,Homemaker,Jeans,Fashion,1,1800,10,1620,1314.4,305.6,COD,Delivered
ORD00118,06-07-26,Lucknow,Homemaker,Monitor,Electronics,1,14000,10,12600,8788.27,3811.73,Debit Card,Cancelled
ORD00119,21-07-26,Gurgaon,Homemaker,Laptop,Electronics,1,55000,5,52250,37521.03,14728.97,COD,Delivered
ORD00120,01-03-26,Noida,Homemaker,Mouse,Electronics,1,900,10,810,661.26,148.74,COD,Delivered
ORD00121,02-08-26,Jaipur,Student,Backpack,Bags,2,1800,20,2880,2146.32,733.68,UPI,Delivered
ORD00122,31-07-26,Noida,Working Professional,Tablet,Electronics,3,18000,10,48600,34612.23,13987.77,COD,Delivered
ORD00123,02-05-26,Bengaluru,Student,T-Shirt,Fashion,1,900,0,900,573.59,326.41,COD,Delivered
ORD00124,26-08-26,Noida,Homemaker,Running Shoes,Footwear,3,3200,0,9600,5991.54,3608.46,Net Banking,Delivered
ORD00125,25-01-26,Pune,Student,Smartphone,Electronics,1,28000,5,26600,17016.25,9583.75,Debit Card,Delivered
ORD00126,28-03-26,Gurgaon,Business Owner,Jacket,Fashion,2,3500,5,6650,4588.6,2061.4,Debit Card,Delivered
ORD00127,08-02-26,Kolkata,Student,Running Shoes,Footwear,3,3200,10,8640,5987.34,2652.66,COD,Delivered
ORD00128,09-06-26,Chandigarh,Working Professional,Air Fryer,Home Appliances,1,6800,5,6460,4799.71,1660.29,COD,Delivered
ORD00129,24-08-26,Ahmedabad,Business Owner,Running Shoes,Footwear,1,3200,10,2880,1930.6,949.4,Credit Card,Delivered
ORD00130,16-05-26,Chandigarh,Working Professional,Coffee Maker,Home Appliances,1,5200,5,4940,3573.8,1366.2,UPI,Delivered
ORD00131,04-03-26,Pune,Homemaker,Mouse,Electronics,2,900,5,1710,1169.03,540.97,COD,Delivered
ORD00132,09-08-26,Bengaluru,Business Owner,Casual Shoes,Footwear,2,2800,10,5040,4108.29,931.71,COD,Delivered
ORD00133,29-06-26,Bengaluru,Student,Travel Bag,Bags,1,2600,15,2210,1540.96,669.04,Debit Card,Delivered
ORD00134,31-05-26,Hyderabad,Student,Running Shoes,Footwear,2,3200,10,5760,4566.15,1193.85,UPI,Delivered
ORD00135,12-05-26,Lucknow,Student,Bookshelf,Furniture,1,7200,5,6840,5491.82,1348.18,UPI,Delivered
ORD00136,22-08-26,Chandigarh,Student,Monitor,Electronics,1,14000,10,12600,10168.56,2431.44,Debit Card,Delivered
ORD00137,04-02-26,Noida,Homemaker,Smartwatch,Electronics,1,4500,5,4275,2750.15,1524.85,UPI,Returned
ORD00138,27-05-26,Mumbai,Homemaker,Smartwatch,Electronics,1,4500,15,3825,2934.36,890.64,Credit Card,Delivered
ORD00139,26-03-26,Ahmedabad,Student,Smartphone,Electronics,1,28000,0,28000,20941.62,7058.38,UPI,Delivered
ORD00140,17-03-26,Jaipur,Student,Casual Shoes,Footwear,4,2800,5,10640,7613.96,3026.04,Credit Card,Delivered
ORD00141,19-03-26,Gurgaon,Business Owner,Running Shoes,Footwear,1,3200,20,2560,1823.74,736.26,UPI,Delivered
ORD00142,08-02-26,Delhi,Business Owner,Headphones,Electronics,1,2200,5,2090,1446.03,643.97,COD,Cancelled
ORD00143,12-05-26,Hyderabad,Student,Electric Kettle,Home Appliances,1,2200,10,1980,1304.59,675.41,COD,Delivered
ORD00144,12-03-26,Lucknow,Business Owner,Tablet,Electronics,2,18000,10,32400,22341.23,10058.77,UPI,Delivered
ORD00145,07-04-26,Mumbai,Homemaker,Travel Bag,Bags,1,2600,10,2340,1620.75,719.25,UPI,Delivered
ORD00146,01-10-26,Hyderabad,Business Owner,Mixer Grinder,Home Appliances,2,4200,10,7560,5121.12,2438.88,Credit Card,Delivered
ORD00147,19-03-26,Pune,Student,Office Chair,Furniture,2,8500,15,14450,11609.57,2840.43,Credit Card,Delivered
ORD00148,06-02-26,Jaipur,Business Owner,Study Table,Furniture,1,6500,20,5200,4078.99,1121.01,Credit Card,Delivered
ORD00149,14-04-26,Hyderabad,Student,Smartphone,Electronics,4,28000,5,106400,75225.03,31174.97,UPI,Delivered
ORD00150,10-05-26,Hyderabad,Homemaker,Bookshelf,Furniture,1,7200,10,6480,4430.24,2049.76,Debit Card,Delivered
ORD00151,10-09-26,Bengaluru,Homemaker,Jacket,Fashion,2,3500,5,6650,4599.01,2050.99,UPI,Returned
ORD00152,11-05-26,Hyderabad,Business Owner,Mixer Grinder,Home Appliances,2,4200,15,7140,4715.05,2424.95,Net Banking,Delivered
ORD00153,11-01-26,Kolkata,Student,Jacket,Fashion,3,3500,0,10500,7870.12,2629.88,COD,Delivered
ORD00154,03-03-26,Kolkata,Business Owner,Smartphone,Electronics,2,28000,15,47600,34015.73,13584.27,UPI,Delivered
ORD00155,23-05-26,Bengaluru,Student,Office Chair,Furniture,1,8500,5,8075,6048.73,2026.27,UPI,Returned
ORD00156,21-07-26,Kolkata,Working Professional,Smartphone,Electronics,2,28000,10,50400,34787.28,15612.72,Credit Card,Returned
ORD00157,05-08-26,Hyderabad,Homemaker,Air Fryer,Home Appliances,1,6800,5,6460,4561.79,1898.21,Credit Card,Cancelled
ORD00158,08-09-26,Mumbai,Working Professional,Tablet,Electronics,1,18000,15,15300,12160.89,3139.11,Debit Card,Delivered
ORD00159,10-02-26,Lucknow,Working Professional,Jacket,Fashion,1,3500,0,3500,2357.59,1142.41,Debit Card,Delivered
ORD00160,21-05-26,Ahmedabad,Business Owner,Air Fryer,Home Appliances,1,6800,15,5780,3633.21,2146.79,UPI,Cancelled
ORD00161,22-06-26,Noida,Homemaker,Mixer Grinder,Home Appliances,1,4200,15,3570,2768.79,801.21,COD,Delivered
ORD00162,24-05-26,Delhi,Working Professional,Jeans,Fashion,1,1800,5,1710,1091.5,618.5,Credit Card,Delivered
ORD00163,16-05-26,Jaipur,Student,Bookshelf,Furniture,3,7200,15,18360,14868.58,3491.42,Debit Card,Delivered
ORD00164,24-08-26,Ahmedabad,Student,Keyboard,Electronics,2,1800,5,3420,2449.45,970.55,COD,Returned
ORD00165,20-07-26,Chandigarh,Business Owner,Smartwatch,Electronics,1,4500,5,4275,2657.26,1617.74,Net Banking,Returned
ORD00166,29-01-26,Ahmedabad,Student,Jacket,Fashion,2,3500,10,6300,3906.57,2393.43,Debit Card,Cancelled
ORD00167,10-01-26,Noida,Homemaker,Mixer Grinder,Home Appliances,1,4200,0,4200,2647.14,1552.86,UPI,Delivered
ORD00168,23-04-26,Bengaluru,Student,Mouse,Electronics,3,900,10,2430,1746.08,683.92,Credit Card,Delivered
ORD00169,28-09-26,Noida,Homemaker,Smartphone,Electronics,1,28000,20,22400,16026.98,6373.02,Net Banking,Delivered
ORD00170,12-02-26,Gurgaon,Student,Tablet,Electronics,3,18000,5,51300,34250.9,17049.1,Credit Card,Delivered
ORD00171,03-01-26,Delhi,Student,Jeans,Fashion,1,1800,0,1800,1421.86,378.14,Debit Card,Delivered
ORD00172,09-08-26,Mumbai,Business Owner,Keyboard,Electronics,1,1800,15,1530,1243.62,286.38,Credit Card,Delivered
ORD00173,12-03-26,Delhi,Student,Coffee Maker,Home Appliances,1,5200,0,5200,4148.99,1051.01,Credit Card,Delivered
ORD00174,23-06-26,Chandigarh,Working Professional,Air Fryer,Home Appliances,3,6800,5,19380,12094.53,7285.47,COD,Delivered
ORD00175,08-04-26,Delhi,Working Professional,Air Fryer,Home Appliances,1,6800,10,6120,4416.61,1703.39,Net Banking,Delivered
ORD00176,03-03-26,Chandigarh,Student,Electric Kettle,Home Appliances,3,2200,10,5940,3828.93,2111.07,Debit Card,Delivered
ORD00177,24-06-26,Hyderabad,Business Owner,T-Shirt,Fashion,4,900,10,3240,2313.88,926.12,UPI,Delivered
ORD00178,19-02-26,Pune,Working Professional,Running Shoes,Footwear,1,3200,20,2560,2004.88,555.12,Debit Card,Delivered
ORD00179,12-03-26,Bengaluru,Working Professional,Coffee Maker,Home Appliances,2,5200,5,9880,7557.94,2322.06,Net Banking,Delivered
ORD00180,22-07-26,Hyderabad,Working Professional,Office Chair,Furniture,1,8500,20,6800,5571.67,1228.33,COD,Delivered
ORD00181,31-03-26,Ahmedabad,Working Professional,Laptop,Electronics,5,55000,15,233750,181981.89,51768.11,Debit Card,Delivered
ORD00182,26-07-26,Lucknow,Homemaker,Smartwatch,Electronics,2,4500,0,9000,6109.35,2890.65,UPI,Delivered
ORD00183,15-07-26,Kolkata,Student,Electric Kettle,Home Appliances,3,2200,10,5940,4116.21,1823.79,COD,Delivered
ORD00184,04-03-26,Bengaluru,Student,Jeans,Fashion,2,1800,10,3240,2015.92,1224.08,UPI,Delivered
ORD00185,02-04-26,Mumbai,Homemaker,Monitor,Electronics,1,14000,10,12600,8676.16,3923.84,Credit Card,Delivered
ORD00186,28-08-26,Delhi,Working Professional,Mixer Grinder,Home Appliances,2,4200,15,7140,5575.03,1564.97,UPI,Delivered
ORD00187,28-09-26,Pune,Student,Coffee Maker,Home Appliances,1,5200,0,5200,3321.57,1878.43,Net Banking,Returned
ORD00188,21-07-26,Mumbai,Working Professional,Smartphone,Electronics,1,28000,0,28000,20404.69,7595.31,Debit Card,Delivered
ORD00189,13-06-26,Delhi,Student,Monitor,Electronics,1,14000,5,13300,9297.85,4002.15,Credit Card,Cancelled
ORD00190,28-01-26,Ahmedabad,Homemaker,Backpack,Bags,1,1800,10,1620,1322.2,297.8,UPI,Delivered
ORD00191,19-05-26,Kolkata,Business Owner,T-Shirt,Fashion,1,900,10,810,529.59,280.41,UPI,Delivered
ORD00192,28-07-26,Delhi,Student,Running Shoes,Footwear,1,3200,5,3040,2246.27,793.73,Debit Card,Returned
ORD00193,13-01-26,Mumbai,Student,Office Chair,Furniture,1,8500,5,8075,5073.99,3001.01,Credit Card,Delivered
ORD00194,02-03-26,Hyderabad,Working Professional,Headphones,Electronics,1,2200,0,2200,1525.87,674.13,COD,Delivered
ORD00195,19-04-26,Chandigarh,Student,Mixer Grinder,Home Appliances,1,4200,0,4200,3032.58,1167.42,COD,Delivered
ORD00196,03-02-26,Mumbai,Working Professional,Smartwatch,Electronics,3,4500,20,10800,7565.83,3234.17,UPI,Cancelled
ORD00197,25-09-26,Ahmedabad,Homemaker,Smartwatch,Electronics,1,4500,15,3825,2908.42,916.58,Credit Card,Cancelled
ORD00198,06-09-26,Jaipur,Student,T-Shirt,Fashion,3,900,15,2295,1667.24,627.76,Debit Card,Delivered
ORD00199,16-06-26,Gurgaon,Business Owner,Study Table,Furniture,4,6500,5,24700,17228.04,7471.96,Credit Card,Delivered
ORD00200,22-03-26,Kolkata,Homemaker,Casual Shoes,Footwear,1,2800,15,2380,1509.13,870.87,Debit Card,Delivered
ORD00201,22-05-26,Ahmedabad,Homemaker,Office Chair,Furniture,2,8500,5,16150,11308.53,4841.47,UPI,Cancelled
ORD00202,05-07-26,Jaipur,Homemaker,Monitor,Electronics,2,14000,5,26600,16765.63,9834.37,Debit Card,Delivered
ORD00203,16-05-26,Lucknow,Working Professional,Casual Shoes,Footwear,1,2800,5,2660,1828.89,831.11,COD,Delivered
ORD00204,19-07-26,Bengaluru,Homemaker,Casual Shoes,Footwear,4,2800,15,9520,7047.85,2472.15,UPI,Delivered
ORD00205,11-05-26,Chandigarh,Business Owner,Laptop,Electronics,2,55000,15,93500,65473.91,28026.09,UPI,Delivered
ORD00206,06-05-26,Gurgaon,Homemaker,Monitor,Electronics,2,14000,0,28000,19695.91,8304.09,Net Banking,Delivered
ORD00207,15-07-26,Pune,Business Owner,Electric Kettle,Home Appliances,4,2200,10,7920,5526.1,2393.9,COD,Delivered
ORD00208,08-05-26,Gurgaon,Working Professional,Smartphone,Electronics,2,28000,10,50400,31696.35,18703.65,UPI,Delivered
ORD00209,20-06-26,Ahmedabad,Homemaker,Coffee Maker,Home Appliances,2,5200,15,8840,6205.36,2634.64,UPI,Delivered
ORD00210,13-09-26,Delhi,Student,Headphones,Electronics,1,2200,15,1870,1352.99,517.01,Credit Card,Delivered
ORD00211,10-09-26,Noida,Homemaker,Jeans,Fashion,3,1800,0,5400,3361.46,2038.54,COD,Delivered
ORD00212,13-09-26,Delhi,Homemaker,Smartwatch,Electronics,5,4500,10,20250,13820.57,6429.43,Credit Card,Delivered
ORD00213,13-08-26,Pune,Business Owner,Office Chair,Furniture,3,8500,5,24225,19126.08,5098.92,Credit Card,Delivered
ORD00214,14-08-26,Gurgaon,Student,Keyboard,Electronics,2,1800,0,3600,2735.25,864.75,Debit Card,Delivered
ORD00215,29-05-26,Kolkata,Homemaker,Tablet,Electronics,2,18000,15,30600,20292.96,10307.04,Net Banking,Delivered
ORD00216,19-01-26,Lucknow,Working Professional,Smartwatch,Electronics,2,4500,15,7650,4839.56,2810.44,UPI,Delivered
ORD00217,22-03-26,Gurgaon,Homemaker,Smartwatch,Electronics,2,4500,10,8100,5848.38,2251.62,UPI,Returned
ORD00218,20-05-26,Bengaluru,Student,Monitor,Electronics,2,14000,20,22400,14419.89,7980.11,Debit Card,Delivered
ORD00219,11-07-26,Gurgaon,Student,Electric Kettle,Home Appliances,1,2200,20,1760,1135.92,624.08,Net Banking,Delivered
ORD00220,14-09-26,Noida,Homemaker,Study Table,Furniture,1,6500,5,6175,4225.16,1949.84,Net Banking,Delivered
ORD00221,18-01-26,Ahmedabad,Business Owner,Mouse,Electronics,1,900,0,900,712.79,187.21,Debit Card,Delivered
ORD00222,27-05-26,Chandigarh,Homemaker,Laptop,Electronics,5,55000,0,275000,186605.09,88394.91,Debit Card,Delivered
ORD00223,24-01-26,Kolkata,Business Owner,Mixer Grinder,Home Appliances,2,4200,5,7980,6164.42,1815.58,COD,Delivered
ORD00224,01-01-26,Lucknow,Student,Bookshelf,Furniture,1,7200,5,6840,4400.83,2439.17,Debit Card,Delivered
ORD00225,12-04-26,Hyderabad,Student,Running Shoes,Footwear,1,3200,15,2720,1702.23,1017.77,COD,Cancelled
ORD00226,04-08-26,Delhi,Student,Bookshelf,Furniture,3,7200,15,18360,14796.2,3563.8,UPI,Delivered
ORD00227,27-05-26,Jaipur,Homemaker,Headphones,Electronics,2,2200,20,3520,2767.93,752.07,UPI,Returned
ORD00228,07-05-26,Kolkata,Working Professional,Backpack,Bags,1,1800,5,1710,1227.12,482.88,UPI,Delivered
ORD00229,20-01-26,Chandigarh,Working Professional,Smartphone,Electronics,2,28000,5,53200,39065.3,14134.7,UPI,Cancelled
ORD00230,31-01-26,Chandigarh,Business Owner,Jacket,Fashion,2,3500,10,6300,5039.33,1260.67,Credit Card,Delivered
ORD00231,28-04-26,Pune,Homemaker,Tablet,Electronics,3,18000,0,54000,38725.24,15274.76,COD,Delivered
ORD00232,28-05-26,Bengaluru,Business Owner,Bookshelf,Furniture,3,7200,0,21600,15658.03,5941.97,Debit Card,Delivered
ORD00233,14-09-26,Pune,Business Owner,Jeans,Fashion,1,1800,10,1620,1323.33,296.67,Debit Card,Delivered
ORD00234,12-03-26,Gurgaon,Business Owner,Jeans,Fashion,3,1800,15,4590,3533.56,1056.44,Debit Card,Delivered
ORD00235,20-04-26,Kolkata,Business Owner,Running Shoes,Footwear,1,3200,10,2880,2347.45,532.55,Net Banking,Delivered
ORD00236,30-07-26,Jaipur,Working Professional,Tablet,Electronics,1,18000,10,16200,11215.82,4984.18,Net Banking,Delivered
ORD00237,07-06-26,Lucknow,Student,Mixer Grinder,Home Appliances,1,4200,10,3780,2840.99,939.01,Net Banking,Delivered
ORD00238,15-01-26,Bengaluru,Homemaker,Air Fryer,Home Appliances,4,6800,0,27200,18351.47,8848.53,Net Banking,Delivered
ORD00239,26-07-26,Noida,Student,Travel Bag,Bags,1,2600,15,2210,1615.67,594.33,Debit Card,Delivered
ORD00240,29-04-26,Kolkata,Business Owner,Office Chair,Furniture,1,8500,5,8075,5115.57,2959.43,UPI,Delivered
ORD00241,23-02-26,Lucknow,Business Owner,Running Shoes,Footwear,2,3200,5,6080,4917.13,1162.87,Debit Card,Returned
ORD00242,17-08-26,Mumbai,Homemaker,Travel Bag,Bags,5,2600,0,13000,8217.3,4782.7,Net Banking,Returned
ORD00243,24-05-26,Pune,Business Owner,Jacket,Fashion,1,3500,10,3150,2558.65,591.35,UPI,Delivered
ORD00244,07-01-26,Jaipur,Business Owner,Keyboard,Electronics,3,1800,20,4320,3452.93,867.07,Credit Card,Delivered
ORD00245,22-03-26,Kolkata,Homemaker,Electric Kettle,Home Appliances,5,2200,15,9350,5838.34,3511.66,COD,Delivered
ORD00246,22-09-26,Hyderabad,Business Owner,Electric Kettle,Home Appliances,1,2200,0,2200,1577.98,622.02,COD,Delivered
ORD00247,08-09-26,Hyderabad,Business Owner,Coffee Maker,Home Appliances,2,5200,5,9880,7442.93,2437.07,Debit Card,Delivered
ORD00248,04-07-26,Jaipur,Working Professional,T-Shirt,Fashion,1,900,5,855,658.02,196.98,Net Banking,Returned
ORD00249,23-06-26,Pune,Working Professional,T-Shirt,Fashion,1,900,10,810,582.22,227.78,Debit Card,Delivered
ORD00250,14-05-26,Lucknow,Homemaker,Study Table,Furniture,3,6500,10,17550,12597.81,4952.19,Debit Card,Delivered
ORD00251,14-02-26,Gurgaon,Student,Smartphone,Electronics,3,28000,0,84000,53281.34,30718.66,Credit Card,Delivered
ORD00252,01-09-26,Bengaluru,Business Owner,Bookshelf,Furniture,2,7200,0,14400,10457.33,3942.67,Debit Card,Delivered
ORD00253,17-07-26,Chandigarh,Working Professional,Backpack,Bags,2,1800,0,3600,2312.01,1287.99,COD,Delivered
ORD00254,17-08-26,Bengaluru,Business Owner,Mouse,Electronics,2,900,20,1440,947.81,492.19,Debit Card,Delivered
ORD00255,03-03-26,Chandigarh,Working Professional,Headphones,Electronics,5,2200,5,10450,7146.8,3303.2,Net Banking,Delivered
ORD00256,06-06-26,Jaipur,Homemaker,Mixer Grinder,Home Appliances,2,4200,0,8400,5887.71,2512.29,Credit Card,Delivered
ORD00257,09-07-26,Hyderabad,Homemaker,Smartwatch,Electronics,1,4500,0,4500,3470.29,1029.71,Net Banking,Delivered
ORD00258,07-01-26,Delhi,Homemaker,Headphones,Electronics,1,2200,10,1980,1334.75,645.25,Debit Card,Delivered
ORD00259,16-04-26,Jaipur,Working Professional,Keyboard,Electronics,2,1800,5,3420,2757.34,662.66,Credit Card,Cancelled
ORD00260,16-04-26,Noida,Business Owner,Bookshelf,Furniture,2,7200,15,12240,8841.74,3398.26,COD,Returned
ORD00261,30-05-26,Mumbai,Homemaker,Bookshelf,Furniture,3,7200,5,20520,15814.97,4705.03,Net Banking,Delivered
ORD00262,06-07-26,Gurgaon,Student,Keyboard,Electronics,3,1800,10,4860,3963.14,896.86,Debit Card,Delivered
ORD00263,18-07-26,Chandigarh,Business Owner,Mixer Grinder,Home Appliances,1,4200,5,3990,2529.15,1460.85,COD,Delivered
ORD00264,31-01-26,Noida,Student,Monitor,Electronics,1,14000,15,11900,8834.94,3065.06,Debit Card,Delivered
ORD00265,06-06-26,Mumbai,Business Owner,Smartwatch,Electronics,2,4500,15,7650,5284.53,2365.47,UPI,Delivered
ORD00266,19-01-26,Jaipur,Homemaker,Mixer Grinder,Home Appliances,2,4200,0,8400,6851.81,1548.19,Debit Card,Delivered
ORD00267,28-03-26,Jaipur,Working Professional,Backpack,Bags,4,1800,5,6840,4485.1,2354.9,UPI,Delivered
ORD00268,18-01-26,Hyderabad,Working Professional,Keyboard,Electronics,1,1800,10,1620,1087.32,532.68,Credit Card,Delivered
ORD00269,24-06-26,Chandigarh,Student,Monitor,Electronics,2,14000,5,26600,16494.42,10105.58,Net Banking,Cancelled
ORD00270,09-07-26,Mumbai,Business Owner,Headphones,Electronics,4,2200,0,8800,6881.53,1918.47,COD,Delivered
ORD00271,29-06-26,Chandigarh,Business Owner,Monitor,Electronics,3,14000,5,39900,26883.24,13016.76,Debit Card,Delivered
ORD00272,14-02-26,Ahmedabad,Working Professional,Air Fryer,Home Appliances,2,6800,10,12240,9680.31,2559.69,Net Banking,Delivered
ORD00273,06-01-26,Bengaluru,Business Owner,Tablet,Electronics,2,18000,10,32400,22959.78,9440.22,Credit Card,Delivered
ORD00274,28-07-26,Ahmedabad,Student,Running Shoes,Footwear,2,3200,5,6080,4404.09,1675.91,COD,Delivered
ORD00275,28-02-26,Lucknow,Working Professional,Mouse,Electronics,3,900,15,2295,1640.16,654.84,Debit Card,Delivered
ORD00276,30-08-26,Hyderabad,Student,T-Shirt,Fashion,1,900,5,855,536.21,318.79,COD,Delivered
ORD00277,26-04-26,Jaipur,Business Owner,Smartphone,Electronics,2,28000,20,44800,31775.43,13024.57,Debit Card,Delivered
ORD00278,06-01-26,Noida,Student,Keyboard,Electronics,2,1800,20,2880,2028.22,851.78,Debit Card,Delivered
ORD00279,11-03-26,Noida,Business Owner,Headphones,Electronics,2,2200,5,4180,2821.97,1358.03,Credit Card,Delivered
ORD00280,17-08-26,Mumbai,Working Professional,Tablet,Electronics,1,18000,10,16200,11612.91,4587.09,Net Banking,Delivered
ORD00281,26-09-26,Ahmedabad,Business Owner,Laptop,Electronics,1,55000,10,49500,37732.15,11767.85,COD,Returned
ORD00282,15-01-26,Bengaluru,Homemaker,Coffee Maker,Home Appliances,3,5200,10,14040,11003.91,3036.09,UPI,Returned
ORD00283,13-09-26,Pune,Student,Air Fryer,Home Appliances,1,6800,20,5440,3860.53,1579.47,UPI,Delivered
ORD00284,05-06-26,Bengaluru,Homemaker,Travel Bag,Bags,2,2600,15,4420,3598.73,821.27,COD,Returned
ORD00285,02-03-26,Bengaluru,Homemaker,Monitor,Electronics,2,14000,10,25200,18979.41,6220.59,UPI,Delivered
ORD00286,10-06-26,Chandigarh,Homemaker,Mouse,Electronics,4,900,15,3060,2014.2,1045.8,Net Banking,Returned
ORD00287,13-08-26,Ahmedabad,Homemaker,Smartphone,Electronics,1,28000,10,25200,16871.17,8328.83,Debit Card,Delivered
ORD00288,07-04-26,Lucknow,Homemaker,Headphones,Electronics,1,2200,5,2090,1494.82,595.18,Debit Card,Delivered
ORD00289,07-04-26,Jaipur,Business Owner,Electric Kettle,Home Appliances,3,2200,5,6270,4726.29,1543.71,Net Banking,Delivered
ORD00290,01-05-26,Bengaluru,Working Professional,Headphones,Electronics,2,2200,0,4400,3457.9,942.1,UPI,Delivered
ORD00291,08-06-26,Mumbai,Working Professional,Bookshelf,Furniture,1,7200,10,6480,5188.1,1291.9,Credit Card,Delivered
ORD00292,15-09-26,Jaipur,Business Owner,Headphones,Electronics,1,2200,10,1980,1236.1,743.9,Credit Card,Delivered
ORD00293,03-09-26,Gurgaon,Homemaker,Mixer Grinder,Home Appliances,2,4200,10,7560,5321.93,2238.07,Credit Card,Delivered
ORD00294,08-08-26,Bengaluru,Business Owner,Backpack,Bags,1,1800,5,1710,1394.34,315.66,Net Banking,Delivered
ORD00295,13-02-26,Kolkata,Working Professional,Smartwatch,Electronics,2,4500,15,7650,4822.19,2827.81,Net Banking,Delivered
ORD00296,03-08-26,Pune,Homemaker,Travel Bag,Bags,4,2600,5,9880,7038.95,2841.05,Net Banking,Delivered
ORD00297,05-09-26,Noida,Homemaker,Air Fryer,Home Appliances,2,6800,15,11560,8539.41,3020.59,Debit Card,Delivered
ORD00298,23-05-26,Delhi,Working Professional,Jacket,Fashion,2,3500,0,7000,5056.94,1943.06,Net Banking,Returned
ORD00299,12-07-26,Gurgaon,Business Owner,Coffee Maker,Home Appliances,2,5200,15,8840,6308.45,2531.55,Debit Card,Cancelled
ORD00300,09-06-26,Ahmedabad,Student,Mixer Grinder,Home Appliances,2,4200,0,8400,5957.7,2442.3,Net Banking,Delivered
ORD00301,03-07-26,Jaipur,Working Professional,Jacket,Fashion,1,3500,15,2975,2204.75,770.25,COD,Returned
ORD00302,18-03-26,Noida,Homemaker,T-Shirt,Fashion,5,900,15,3825,2598.89,1226.11,UPI,Delivered
ORD00303,10-06-26,Noida,Student,T-Shirt,Fashion,1,900,5,855,685.3,169.7,Debit Card,Delivered
ORD00304,29-07-26,Ahmedabad,Working Professional,T-Shirt,Fashion,1,900,15,765,543.07,221.93,Net Banking,Cancelled
ORD00305,07-09-26,Chandigarh,Student,Bookshelf,Furniture,1,7200,20,5760,4259.9,1500.1,Net Banking,Delivered
ORD00306,03-04-26,Gurgaon,Student,Keyboard,Electronics,4,1800,0,7200,5024.79,2175.21,Net Banking,Delivered
ORD00307,11-09-26,Ahmedabad,Business Owner,Mixer Grinder,Home Appliances,1,4200,10,3780,2725.57,1054.43,COD,Delivered
ORD00308,15-05-26,Gurgaon,Working Professional,Electric Kettle,Home Appliances,3,2200,10,5940,4567.16,1372.84,Credit Card,Delivered
ORD00309,29-04-26,Noida,Homemaker,Mixer Grinder,Home Appliances,1,4200,0,4200,2819.87,1380.13,Net Banking,Delivered
ORD00310,15-08-26,Noida,Homemaker,Smartphone,Electronics,1,28000,5,26600,19438.5,7161.5,COD,Delivered
ORD00311,21-02-26,Pune,Working Professional,Mouse,Electronics,2,900,15,1530,1066.49,463.51,UPI,Delivered
ORD00312,16-06-26,Jaipur,Homemaker,Laptop,Electronics,1,55000,0,55000,36694.18,18305.82,COD,Delivered
ORD00313,04-04-26,Chandigarh,Homemaker,Casual Shoes,Footwear,1,2800,0,2800,1933.14,866.86,Net Banking,Cancelled
ORD00314,12-02-26,Noida,Student,Backpack,Bags,2,1800,10,3240,2322.64,917.36,COD,Delivered
ORD00315,16-04-26,Mumbai,Business Owner,Headphones,Electronics,1,2200,20,1760,1138.2,621.8,Net Banking,Delivered
ORD00316,08-08-26,Hyderabad,Homemaker,T-Shirt,Fashion,1,900,15,765,550.31,214.69,Credit Card,Delivered
ORD00317,14-04-26,Noida,Homemaker,Smartphone,Electronics,2,28000,5,53200,41790.55,11409.45,UPI,Returned
ORD00318,12-04-26,Pune,Student,Jeans,Fashion,2,1800,5,3420,2642.36,777.64,UPI,Delivered
ORD00319,26-01-26,Pune,Homemaker,Tablet,Electronics,4,18000,0,72000,58322.43,13677.57,UPI,Delivered
ORD00320,30-04-26,Hyderabad,Working Professional,Smartwatch,Electronics,3,4500,10,12150,9942.34,2207.66,Debit Card,Delivered
ORD00321,09-05-26,Bengaluru,Homemaker,Laptop,Electronics,2,55000,10,99000,62327.22,36672.78,UPI,Delivered
ORD00322,09-05-26,Lucknow,Student,Smartwatch,Electronics,4,4500,5,17100,12993.35,4106.65,UPI,Delivered
ORD00323,30-03-26,Gurgaon,Business Owner,Office Chair,Furniture,2,8500,10,15300,11501.95,3798.05,COD,Delivered
ORD00324,07-04-26,Chandigarh,Working Professional,Jacket,Fashion,1,3500,0,3500,2238.5,1261.5,COD,Delivered
ORD00325,31-05-26,Gurgaon,Business Owner,Bookshelf,Furniture,1,7200,20,5760,3766.59,1993.41,Debit Card,Delivered
ORD00326,28-04-26,Bengaluru,Homemaker,Keyboard,Electronics,5,1800,15,7650,5120.77,2529.23,Credit Card,Delivered
ORD00327,05-05-26,Mumbai,Homemaker,Headphones,Electronics,1,2200,15,1870,1515.11,354.89,COD,Cancelled
ORD00328,16-06-26,Chandigarh,Business Owner,Coffee Maker,Home Appliances,2,5200,15,8840,5695.84,3144.16,Debit Card,Delivered
ORD00329,12-02-26,Pune,Homemaker,Smartwatch,Electronics,5,4500,15,19125,12246.93,6878.07,Credit Card,Delivered
ORD00330,14-06-26,Bengaluru,Working Professional,Jacket,Fashion,2,3500,5,6650,4265.21,2384.79,UPI,Cancelled
ORD00331,21-02-26,Ahmedabad,Student,Running Shoes,Footwear,3,3200,0,9600,7586.76,2013.24,Net Banking,Returned
ORD00332,11-05-26,Chandigarh,Business Owner,Jacket,Fashion,1,3500,5,3325,2428.94,896.06,Net Banking,Delivered
ORD00333,23-04-26,Chandigarh,Business Owner,Smartphone,Electronics,2,28000,0,56000,43938.47,12061.53,Credit Card,Delivered
ORD00334,22-02-26,Bengaluru,Student,Mixer Grinder,Home Appliances,5,4200,5,19950,14856.11,5093.89,UPI,Delivered
ORD00335,07-03-26,Jaipur,Student,Office Chair,Furniture,2,8500,5,16150,12593.3,3556.7,Debit Card,Delivered
ORD00336,30-04-26,Ahmedabad,Student,Coffee Maker,Home Appliances,1,5200,10,4680,3223.81,1456.19,UPI,Delivered
ORD00337,15-03-26,Lucknow,Business Owner,Coffee Maker,Home Appliances,1,5200,10,4680,3265.51,1414.49,Net Banking,Delivered
ORD00338,17-01-26,Pune,Business Owner,Jeans,Fashion,1,1800,0,1800,1188.64,611.36,UPI,Delivered
ORD00339,12-01-26,Lucknow,Homemaker,Backpack,Bags,1,1800,10,1620,1275.09,344.91,Debit Card,Delivered
ORD00340,31-01-26,Noida,Student,Travel Bag,Bags,1,2600,10,2340,1782.29,557.71,COD,Delivered
ORD00341,07-01-26,Delhi,Student,Casual Shoes,Footwear,1,2800,5,2660,1914.49,745.51,Debit Card,Delivered
ORD00342,07-01-26,Gurgaon,Homemaker,Mouse,Electronics,2,900,15,1530,1219.76,310.24,UPI,Delivered
ORD00343,26-05-26,Delhi,Business Owner,Casual Shoes,Footwear,1,2800,5,2660,1818.78,841.22,Debit Card,Delivered
ORD00344,07-04-26,Chandigarh,Student,Smartwatch,Electronics,2,4500,5,8550,5451.62,3098.38,UPI,Delivered
ORD00345,20-01-26,Noida,Homemaker,Mixer Grinder,Home Appliances,2,4200,5,7980,6119,1861,COD,Delivered
ORD00346,21-07-26,Noida,Working Professional,Bookshelf,Furniture,2,7200,5,13680,10972.21,2707.79,Credit Card,Delivered
ORD00347,02-07-26,Pune,Homemaker,Office Chair,Furniture,2,8500,15,14450,10056.21,4393.79,COD,Cancelled
ORD00348,05-08-26,Gurgaon,Student,Coffee Maker,Home Appliances,1,5200,0,5200,3812.1,1387.9,UPI,Delivered
ORD00349,13-06-26,Mumbai,Business Owner,T-Shirt,Fashion,3,900,20,2160,1394.62,765.38,UPI,Cancelled
ORD00350,20-01-26,Jaipur,Business Owner,Air Fryer,Home Appliances,1,6800,15,5780,4219.03,1560.97,Debit Card,Returned
ORD00351,17-08-26,Delhi,Homemaker,Coffee Maker,Home Appliances,1,5200,0,5200,4156.02,1043.98,Net Banking,Returned
ORD00352,09-01-26,Jaipur,Working Professional,Casual Shoes,Footwear,1,2800,10,2520,1701.02,818.98,COD,Delivered
ORD00353,08-02-26,Ahmedabad,Business Owner,Headphones,Electronics,1,2200,5,2090,1691.77,398.23,UPI,Delivered
ORD00354,14-01-26,Mumbai,Homemaker,T-Shirt,Fashion,1,900,0,900,716.36,183.64,COD,Delivered
ORD00355,08-07-26,Gurgaon,Homemaker,Smartphone,Electronics,1,28000,5,26600,17756.31,8843.69,COD,Delivered
ORD00356,26-02-26,Mumbai,Student,Bookshelf,Furniture,2,7200,10,12960,9222.97,3737.03,Net Banking,Delivered
ORD00357,23-06-26,Ahmedabad,Working Professional,Mixer Grinder,Home Appliances,3,4200,5,11970,8327.21,3642.79,Net Banking,Delivered
ORD00358,03-05-26,Pune,Homemaker,Bookshelf,Furniture,4,7200,10,25920,16353.62,9566.38,Debit Card,Delivered
ORD00359,01-09-26,Hyderabad,Business Owner,Mouse,Electronics,2,900,5,1710,1106.32,603.68,COD,Returned
ORD00360,05-07-26,Kolkata,Working Professional,Mouse,Electronics,1,900,0,900,647.42,252.58,Debit Card,Delivered
ORD00361,23-03-26,Gurgaon,Homemaker,Coffee Maker,Home Appliances,1,5200,15,4420,2773.05,1646.95,UPI,Delivered
ORD00362,09-02-26,Jaipur,Working Professional,Monitor,Electronics,1,14000,10,12600,9408.9,3191.1,Debit Card,Cancelled
ORD00363,10-07-26,Gurgaon,Working Professional,Air Fryer,Home Appliances,1,6800,10,6120,4392.87,1727.13,COD,Delivered
ORD00364,20-09-26,Lucknow,Working Professional,Bookshelf,Furniture,4,7200,10,25920,19095.85,6824.15,Credit Card,Returned
ORD00365,24-06-26,Noida,Homemaker,Travel Bag,Bags,2,2600,5,4940,3114.62,1825.38,COD,Delivered
ORD00366,14-03-26,Pune,Working Professional,Laptop,Electronics,2,55000,10,99000,78347.1,20652.9,UPI,Delivered
ORD00367,24-05-26,Lucknow,Business Owner,Office Chair,Furniture,3,8500,10,22950,14677.33,8272.67,COD,Cancelled
ORD00368,19-03-26,Delhi,Business Owner,Travel Bag,Bags,1,2600,5,2470,1848.02,621.98,Debit Card,Returned
ORD00369,02-08-26,Gurgaon,Working Professional,Office Chair,Furniture,2,8500,5,16150,12458.3,3691.7,Credit Card,Delivered
ORD00370,04-04-26,Chandigarh,Homemaker,Mixer Grinder,Home Appliances,2,4200,5,7980,5605.92,2374.08,Net Banking,Delivered
ORD00371,22-08-26,Noida,Working Professional,Study Table,Furniture,2,6500,10,11700,9051,2649,Debit Card,Returned
ORD00372,18-07-26,Pune,Working Professional,Monitor,Electronics,2,14000,5,26600,20664.43,5935.57,Net Banking,Delivered
ORD00373,06-08-26,Bengaluru,Working Professional,Casual Shoes,Footwear,2,2800,10,5040,3173.6,1866.4,Debit Card,Delivered
ORD00374,28-09-26,Hyderabad,Student,Coffee Maker,Home Appliances,1,5200,10,4680,3040.07,1639.93,Credit Card,Delivered
ORD00375,02-09-26,Noida,Student,Laptop,Electronics,4,55000,10,198000,125729.4,72270.6,UPI,Delivered
ORD00376,14-01-26,Mumbai,Student,Bookshelf,Furniture,2,7200,15,12240,8252.67,3987.33,Debit Card,Delivered
ORD00377,26-05-26,Hyderabad,Student,Smartwatch,Electronics,2,4500,0,9000,6598.61,2401.39,Debit Card,Delivered
ORD00378,29-09-26,Bengaluru,Student,Smartphone,Electronics,1,28000,15,23800,16161.29,7638.71,COD,Delivered
ORD00379,26-04-26,Jaipur,Business Owner,Travel Bag,Bags,1,2600,10,2340,1810.45,529.55,Credit Card,Delivered
ORD00380,24-06-26,Noida,Working Professional,Headphones,Electronics,1,2200,5,2090,1298.88,791.12,UPI,Delivered
ORD00381,13-06-26,Hyderabad,Working Professional,Headphones,Electronics,2,2200,15,3740,2327.8,1412.2,UPI,Delivered
ORD00382,07-09-26,Kolkata,Student,Study Table,Furniture,1,6500,0,6500,4577.12,1922.88,UPI,Returned
ORD00383,02-09-26,Hyderabad,Homemaker,Headphones,Electronics,1,2200,0,2200,1730.38,469.62,COD,Returned
ORD00384,01-04-26,Bengaluru,Student,Electric Kettle,Home Appliances,1,2200,5,2090,1404.37,685.63,COD,Delivered
ORD00385,06-08-26,Mumbai,Homemaker,Running Shoes,Footwear,5,3200,5,15200,9693.09,5506.91,COD,Cancelled
ORD00386,13-02-26,Chandigarh,Business Owner,Laptop,Electronics,1,55000,20,44000,29753.34,14246.66,UPI,Delivered
ORD00387,26-07-26,Hyderabad,Business Owner,Smartphone,Electronics,1,28000,5,26600,18682.13,7917.87,Net Banking,Returned
ORD00388,25-09-26,Gurgaon,Homemaker,Tablet,Electronics,2,18000,10,32400,25253.74,7146.26,COD,Delivered
ORD00389,27-07-26,Jaipur,Homemaker,Bookshelf,Furniture,1,7200,0,7200,4703.93,2496.07,Net Banking,Returned
ORD00390,01-03-26,Jaipur,Homemaker,Mixer Grinder,Home Appliances,2,4200,5,7980,5380.78,2599.22,UPI,Delivered
ORD00391,06-07-26,Bengaluru,Business Owner,Electric Kettle,Home Appliances,1,2200,15,1870,1441.82,428.18,Credit Card,Delivered
ORD00392,19-04-26,Bengaluru,Student,Jeans,Fashion,4,1800,10,6480,4785.02,1694.98,Net Banking,Delivered
ORD00393,19-01-26,Gurgaon,Homemaker,Air Fryer,Home Appliances,2,6800,5,12920,8304.31,4615.69,UPI,Delivered
ORD00394,30-04-26,Gurgaon,Homemaker,Coffee Maker,Home Appliances,1,5200,0,5200,4103.23,1096.77,COD,Cancelled
ORD00395,16-05-26,Bengaluru,Student,Running Shoes,Footwear,2,3200,5,6080,4732.91,1347.09,Debit Card,Delivered
ORD00396,14-02-26,Chandigarh,Business Owner,T-Shirt,Fashion,3,900,5,2565,1600.44,964.56,UPI,Returned
ORD00397,15-03-26,Noida,Student,T-Shirt,Fashion,1,900,15,765,561.32,203.68,Credit Card,Delivered
ORD00398,25-01-26,Mumbai,Homemaker,Tablet,Electronics,2,18000,0,36000,28939.41,7060.59,Debit Card,Cancelled
ORD00399,02-08-26,Noida,Business Owner,Mixer Grinder,Home Appliances,2,4200,0,8400,5916.21,2483.79,COD,Delivered
ORD00400,18-04-26,Gurgaon,Working Professional,Mixer Grinder,Home Appliances,2,4200,5,7980,5922.36,2057.64,UPI,Delivered
ORD00401,20-08-26,Lucknow,Business Owner,Study Table,Furniture,1,6500,5,6175,3909.77,2265.23,COD,Delivered
ORD00402,11-02-26,Gurgaon,Homemaker,Keyboard,Electronics,2,1800,10,3240,2281.87,958.13,Net Banking,Delivered
ORD00403,13-02-26,Ahmedabad,Business Owner,Coffee Maker,Home Appliances,1,5200,0,5200,3272.81,1927.19,Debit Card,Delivered
ORD00404,22-03-26,Bengaluru,Student,Running Shoes,Footwear,3,3200,0,9600,7298.19,2301.81,COD,Delivered
ORD00405,14-09-26,Noida,Business Owner,Tablet,Electronics,2,18000,15,30600,20047.15,10552.85,Debit Card,Delivered
ORD00406,16-01-26,Kolkata,Working Professional,Office Chair,Furniture,2,8500,10,15300,9565,5735,Credit Card,Delivered
ORD00407,10-06-26,Mumbai,Student,Mixer Grinder,Home Appliances,1,4200,0,4200,3186.11,1013.89,Debit Card,Cancelled
ORD00408,08-05-26,Gurgaon,Student,Office Chair,Furniture,1,8500,5,8075,5246.6,2828.4,UPI,Delivered
ORD00409,19-04-26,Noida,Business Owner,Study Table,Furniture,2,6500,0,13000,9582.78,3417.22,Debit Card,Delivered
ORD00410,07-04-26,Hyderabad,Working Professional,Bookshelf,Furniture,3,7200,5,20520,16129.21,4390.79,Credit Card,Returned
ORD00411,23-04-26,Jaipur,Business Owner,Mixer Grinder,Home Appliances,2,4200,0,8400,6793.98,1606.02,UPI,Delivered
ORD00412,16-09-26,Hyderabad,Student,Tablet,Electronics,1,18000,10,16200,10497.39,5702.61,Net Banking,Delivered
ORD00413,15-06-26,Chandigarh,Student,Electric Kettle,Home Appliances,1,2200,5,2090,1477.73,612.27,Credit Card,Delivered
ORD00414,20-05-26,Delhi,Business Owner,Bookshelf,Furniture,2,7200,15,12240,8423.74,3816.26,Debit Card,Delivered
ORD00415,15-01-26,Jaipur,Student,Office Chair,Furniture,1,8500,10,7650,5105.08,2544.92,Net Banking,Delivered
ORD00416,20-04-26,Delhi,Homemaker,Study Table,Furniture,3,6500,20,15600,10639.66,4960.34,Net Banking,Returned
ORD00417,01-06-26,Chandigarh,Homemaker,Backpack,Bags,2,1800,5,3420,2389.53,1030.47,UPI,Delivered
ORD00418,17-05-26,Chandigarh,Business Owner,T-Shirt,Fashion,3,900,5,2565,1997.27,567.73,Net Banking,Cancelled
ORD00419,14-09-26,Bengaluru,Working Professional,Smartphone,Electronics,4,28000,5,106400,68935.3,37464.7,Debit Card,Delivered
ORD00420,14-08-26,Chandigarh,Student,Monitor,Electronics,1,14000,5,13300,8498.55,4801.45,UPI,Cancelled
ORD00421,13-02-26,Lucknow,Student,Bookshelf,Furniture,1,7200,15,6120,3831.83,2288.17,UPI,Cancelled
ORD00422,05-06-26,Ahmedabad,Homemaker,Headphones,Electronics,4,2200,5,8360,6223.79,2136.21,UPI,Delivered
ORD00423,24-04-26,Hyderabad,Homemaker,Jacket,Fashion,1,3500,5,3325,2709.53,615.47,COD,Delivered
ORD00424,13-05-26,Mumbai,Working Professional,Office Chair,Furniture,1,8500,10,7650,5523.04,2126.96,Net Banking,Delivered
ORD00425,20-03-26,Delhi,Student,Laptop,Electronics,1,55000,0,55000,43676.64,11323.36,Credit Card,Cancelled
ORD00426,04-05-26,Mumbai,Student,Coffee Maker,Home Appliances,2,5200,0,10400,6657.76,3742.24,UPI,Delivered
ORD00427,16-07-26,Lucknow,Working Professional,T-Shirt,Fashion,5,900,5,4275,2780.81,1494.19,Net Banking,Delivered
ORD00428,09-06-26,Delhi,Homemaker,Jacket,Fashion,3,3500,15,8925,6235.13,2689.87,Net Banking,Cancelled
ORD00429,13-08-26,Chandigarh,Business Owner,Tablet,Electronics,1,18000,5,17100,10681.02,6418.98,UPI,Returned
ORD00430,28-06-26,Bengaluru,Homemaker,Electric Kettle,Home Appliances,1,2200,5,2090,1350.05,739.95,Net Banking,Returned
ORD00431,15-05-26,Noida,Student,Mixer Grinder,Home Appliances,2,4200,5,7980,5319.05,2660.95,Credit Card,Delivered
ORD00432,08-02-26,Kolkata,Homemaker,Mouse,Electronics,2,900,5,1710,1322.93,387.07,Credit Card,Delivered
ORD00433,11-04-26,Gurgaon,Business Owner,Backpack,Bags,3,1800,5,5130,3441.87,1688.13,Credit Card,Delivered
ORD00434,06-06-26,Bengaluru,Working Professional,Laptop,Electronics,1,55000,5,52250,41926.17,10323.83,Debit Card,Cancelled
ORD00435,30-08-26,Noida,Working Professional,T-Shirt,Fashion,3,900,10,2430,1513.67,916.33,Net Banking,Delivered
ORD00436,08-06-26,Noida,Homemaker,Keyboard,Electronics,2,1800,15,3060,2372.15,687.85,Net Banking,Delivered
ORD00437,12-04-26,Pune,Working Professional,Air Fryer,Home Appliances,1,6800,5,6460,5014.85,1445.15,Debit Card,Delivered
ORD00438,30-09-26,Gurgaon,Student,Study Table,Furniture,2,6500,5,12350,7746.12,4603.88,Debit Card,Returned
ORD00439,13-03-26,Kolkata,Business Owner,Study Table,Furniture,2,6500,10,11700,7484.35,4215.65,Net Banking,Delivered
ORD00440,07-03-26,Hyderabad,Business Owner,Smartwatch,Electronics,1,4500,0,4500,2933.3,1566.7,COD,Delivered
ORD00441,23-09-26,Hyderabad,Working Professional,Jacket,Fashion,2,3500,15,5950,3792.6,2157.4,Credit Card,Delivered
ORD00442,03-05-26,Mumbai,Business Owner,Bookshelf,Furniture,3,7200,20,17280,13694.7,3585.3,COD,Delivered
ORD00443,16-09-26,Jaipur,Working Professional,Headphones,Electronics,1,2200,10,1980,1286.29,693.71,Net Banking,Delivered
ORD00444,31-08-26,Kolkata,Business Owner,Monitor,Electronics,1,14000,10,12600,8582.82,4017.18,Credit Card,Delivered
ORD00445,25-09-26,Ahmedabad,Student,Office Chair,Furniture,2,8500,5,16150,11688.58,4461.42,COD,Delivered
ORD00446,10-09-26,Bengaluru,Working Professional,Laptop,Electronics,4,55000,5,209000,157980.92,51019.08,COD,Delivered
ORD00447,10-05-26,Lucknow,Working Professional,Electric Kettle,Home Appliances,3,2200,0,6600,4603.45,1996.55,Debit Card,Returned
ORD00448,03-01-26,Bengaluru,Working Professional,Office Chair,Furniture,1,8500,10,7650,5379.11,2270.89,Credit Card,Delivered
ORD00449,06-08-26,Chandigarh,Working Professional,Casual Shoes,Footwear,1,2800,15,2380,1540.37,839.63,Credit Card,Delivered
ORD00450,14-06-26,Hyderabad,Working Professional,Bookshelf,Furniture,2,7200,10,12960,8897.03,4062.97,COD,Delivered
ORD00451,26-03-26,Hyderabad,Business Owner,Running Shoes,Footwear,1,3200,5,3040,2368.86,671.14,Credit Card,Returned
ORD00452,03-09-26,Lucknow,Working Professional,Coffee Maker,Home Appliances,4,5200,10,18720,14832.78,3887.22,Net Banking,Delivered
ORD00453,26-03-26,Gurgaon,Student,Running Shoes,Footwear,1,3200,10,2880,2289.31,590.69,UPI,Delivered
ORD00454,11-02-26,Bengaluru,Business Owner,Electric Kettle,Home Appliances,1,2200,10,1980,1448.63,531.37,UPI,Delivered
ORD00455,08-04-26,Hyderabad,Business Owner,Study Table,Furniture,1,6500,15,5525,4343.31,1181.69,COD,Delivered
ORD00456,26-08-26,Delhi,Student,T-Shirt,Fashion,1,900,10,810,622.02,187.98,UPI,Delivered
ORD00457,30-05-26,Pune,Working Professional,Electric Kettle,Home Appliances,2,2200,15,3740,2982.73,757.27,Debit Card,Delivered
ORD00458,29-07-26,Hyderabad,Homemaker,Electric Kettle,Home Appliances,3,2200,0,6600,4108.56,2491.44,Credit Card,Delivered
ORD00459,04-08-26,Delhi,Working Professional,Backpack,Bags,1,1800,0,1800,1369.56,430.44,Net Banking,Delivered
ORD00460,13-02-26,Chandigarh,Student,Study Table,Furniture,2,6500,5,12350,8187.4,4162.6,Credit Card,Delivered
ORD00461,22-04-26,Gurgaon,Business Owner,Study Table,Furniture,1,6500,0,6500,5166.43,1333.57,COD,Delivered
ORD00462,08-04-26,Kolkata,Business Owner,Monitor,Electronics,1,14000,10,12600,9748.02,2851.98,Net Banking,Delivered
ORD00463,28-08-26,Mumbai,Homemaker,Travel Bag,Bags,3,2600,15,6630,4404.16,2225.84,COD,Delivered
ORD00464,18-03-26,Noida,Working Professional,Coffee Maker,Home Appliances,2,5200,0,10400,7102.67,3297.33,Credit Card,Delivered
ORD00465,03-06-26,Kolkata,Homemaker,Office Chair,Furniture,2,8500,15,14450,11333.66,3116.34,COD,Returned
ORD00466,26-06-26,Pune,Working Professional,Mouse,Electronics,1,900,15,765,521.43,243.57,Net Banking,Delivered
ORD00467,11-07-26,Lucknow,Homemaker,Jeans,Fashion,2,1800,5,3420,2318.11,1101.89,Debit Card,Delivered
ORD00468,30-05-26,Delhi,Homemaker,Laptop,Electronics,2,55000,0,110000,68928.29,41071.71,Debit Card,Delivered
ORD00469,05-02-26,Delhi,Business Owner,Headphones,Electronics,1,2200,10,1980,1599.72,380.28,UPI,Delivered
ORD00470,21-08-26,Ahmedabad,Student,Headphones,Electronics,2,2200,0,4400,2816.86,1583.14,UPI,Delivered
ORD00471,16-03-26,Kolkata,Homemaker,Office Chair,Furniture,1,8500,5,8075,5560.54,2514.46,COD,Delivered
ORD00472,25-08-26,Ahmedabad,Working Professional,Office Chair,Furniture,1,8500,10,7650,5071.97,2578.03,COD,Delivered
ORD00473,15-03-26,Ahmedabad,Homemaker,Running Shoes,Footwear,1,3200,10,2880,2215.68,664.32,Credit Card,Delivered
ORD00474,11-09-26,Gurgaon,Homemaker,Mixer Grinder,Home Appliances,2,4200,5,7980,5794.37,2185.63,Debit Card,Delivered
ORD00475,21-02-26,Bengaluru,Homemaker,Study Table,Furniture,1,6500,0,6500,4462.79,2037.21,UPI,Delivered
ORD00476,02-04-26,Bengaluru,Homemaker,Office Chair,Furniture,4,8500,10,30600,20522.54,10077.46,Debit Card,Delivered
ORD00477,19-05-26,Gurgaon,Homemaker,Headphones,Electronics,1,2200,10,1980,1498.06,481.94,Net Banking,Delivered
ORD00478,25-04-26,Ahmedabad,Homemaker,Jeans,Fashion,1,1800,15,1530,1122.6,407.4,COD,Delivered
ORD00479,28-06-26,Jaipur,Homemaker,Backpack,Bags,1,1800,10,1620,1252.76,367.24,Credit Card,Delivered
ORD00480,07-04-26,Mumbai,Business Owner,Monitor,Electronics,2,14000,5,26600,20275.2,6324.8,Credit Card,Cancelled
ORD00481,19-06-26,Chandigarh,Student,Study Table,Furniture,1,6500,0,6500,5084.97,1415.03,Credit Card,Delivered
ORD00482,16-08-26,Pune,Business Owner,Smartwatch,Electronics,1,4500,20,3600,2590.83,1009.17,Net Banking,Delivered
ORD00483,25-03-26,Mumbai,Homemaker,Backpack,Bags,2,1800,5,3420,2600.14,819.86,Net Banking,Delivered
ORD00484,13-09-26,Noida,Working Professional,Smartwatch,Electronics,1,4500,5,4275,3201.96,1073.04,Debit Card,Cancelled
ORD00485,12-04-26,Mumbai,Student,Smartphone,Electronics,4,28000,15,95200,70240.46,24959.54,Net Banking,Returned
ORD00486,16-07-26,Kolkata,Student,T-Shirt,Fashion,1,900,5,855,592.06,262.94,UPI,Delivered
ORD00487,15-02-26,Noida,Student,Tablet,Electronics,2,18000,0,36000,25773.96,10226.04,UPI,Delivered
ORD00488,24-06-26,Noida,Working Professional,Keyboard,Electronics,2,1800,10,3240,2067.73,1172.27,UPI,Delivered
ORD00489,08-07-26,Ahmedabad,Homemaker,Backpack,Bags,3,1800,0,5400,3924.48,1475.52,UPI,Delivered
ORD00490,12-04-26,Jaipur,Business Owner,Smartphone,Electronics,1,28000,5,26600,17474.6,9125.4,Debit Card,Delivered
ORD00491,24-01-26,Gurgaon,Working Professional,Tablet,Electronics,3,18000,10,48600,37648.14,10951.86,Credit Card,Delivered
ORD00492,19-08-26,Delhi,Homemaker,Bookshelf,Furniture,3,7200,0,21600,17086.59,4513.41,Debit Card,Delivered
ORD00493,21-09-26,Hyderabad,Business Owner,Laptop,Electronics,1,55000,10,49500,35391.98,14108.02,Net Banking,Delivered
ORD00494,18-03-26,Pune,Student,Smartwatch,Electronics,1,4500,10,4050,2701.81,1348.19,UPI,Delivered
ORD00495,08-09-26,Pune,Business Owner,Mouse,Electronics,1,900,5,855,693.16,161.84,Debit Card,Delivered
ORD00496,15-01-26,Pune,Business Owner,T-Shirt,Fashion,1,900,5,855,605.18,249.82,UPI,Delivered
ORD00497,23-08-26,Kolkata,Working Professional,Jacket,Fashion,1,3500,0,3500,2386.71,1113.29,Debit Card,Returned
ORD00498,18-02-26,Mumbai,Student,Running Shoes,Footwear,2,3200,15,5440,4362.75,1077.25,Net Banking,Delivered
ORD00499,29-05-26,Pune,Homemaker,Bookshelf,Furniture,1,7200,0,7200,5633.66,1566.34,Net Banking,Delivered
ORD00500,08-08-26,Hyderabad,Working Professional,Office Chair,Furniture,1,8500,10,7650,5761.81,1888.19,UPI,Delivered
ORD00501,31-07-26,Lucknow,Homemaker,Study Table,Furniture,2,6500,10,11700,8286.64,3413.36,Credit Card,Delivered
ORD00502,11-08-26,Lucknow,Homemaker,Office Chair,Furniture,2,8500,5,16150,11483.3,4666.7,COD,Returned
ORD00503,28-03-26,Gurgaon,Student,Mixer Grinder,Home Appliances,3,4200,5,11970,7470.13,4499.87,COD,Delivered
ORD00504,20-05-26,Delhi,Working Professional,Mixer Grinder,Home Appliances,5,4200,0,21000,16416.64,4583.36,Debit Card,Delivered
ORD00505,01-07-26,Lucknow,Working Professional,Tablet,Electronics,2,18000,0,36000,23774.16,12225.84,UPI,Delivered
ORD00506,15-03-26,Delhi,Student,Jacket,Fashion,1,3500,10,3150,2003.95,1146.05,Net Banking,Delivered
ORD00507,01-10-26,Hyderabad,Homemaker,Backpack,Bags,1,1800,0,1800,1317.9,482.1,Debit Card,Delivered
ORD00508,24-07-26,Ahmedabad,Business Owner,Smartwatch,Electronics,1,4500,20,3600,2338.65,1261.35,Credit Card,Returned
ORD00509,20-05-26,Bengaluru,Working Professional,Monitor,Electronics,1,14000,10,12600,8820,3780,Net Banking,Returned
ORD00510,04-08-26,Mumbai,Working Professional,Office Chair,Furniture,1,8500,5,8075,5713.92,2361.08,Debit Card,Delivered
ORD00511,19-05-26,Noida,Business Owner,Coffee Maker,Home Appliances,1,5200,0,5200,3907.55,1292.45,Net Banking,Delivered
ORD00512,19-02-26,Mumbai,Business Owner,T-Shirt,Fashion,3,900,15,2295,1740.11,554.89,UPI,Returned
ORD00513,14-05-26,Lucknow,Working Professional,Smartwatch,Electronics,3,4500,5,12825,10290.8,2534.2,COD,Delivered
ORD00514,26-06-26,Chandigarh,Student,Mixer Grinder,Home Appliances,2,4200,20,6720,4979.75,1740.25,Net Banking,Delivered
ORD00515,19-09-26,Delhi,Homemaker,Casual Shoes,Footwear,2,2800,10,5040,3253.59,1786.41,Credit Card,Delivered
ORD00516,21-08-26,Noida,Student,Smartphone,Electronics,1,28000,5,26600,21051.46,5548.54,UPI,Delivered
ORD00517,04-01-26,Lucknow,Business Owner,Keyboard,Electronics,1,1800,5,1710,1342.92,367.08,Debit Card,Delivered
ORD00518,15-04-26,Lucknow,Working Professional,Keyboard,Electronics,1,1800,0,1800,1132.43,667.57,Credit Card,Delivered
ORD00519,29-08-26,Jaipur,Student,Tablet,Electronics,2,18000,5,34200,24467.37,9732.63,UPI,Delivered
ORD00520,12-01-26,Ahmedabad,Business Owner,Jacket,Fashion,2,3500,20,5600,4129.77,1470.23,UPI,Cancelled
ORD00521,02-04-26,Lucknow,Homemaker,Laptop,Electronics,2,55000,5,104500,82561.27,21938.73,Net Banking,Delivered
ORD00522,05-02-26,Hyderabad,Homemaker,Casual Shoes,Footwear,1,2800,5,2660,1879.24,780.76,Credit Card,Delivered
ORD00523,15-03-26,Pune,Business Owner,Jeans,Fashion,3,1800,10,4860,3061.49,1798.51,Net Banking,Returned
ORD00524,05-06-26,Noida,Business Owner,Laptop,Electronics,2,55000,0,110000,75460.37,34539.63,Credit Card,Delivered
ORD00525,05-05-26,Delhi,Working Professional,Mixer Grinder,Home Appliances,2,4200,0,8400,6129.32,2270.68,Credit Card,Delivered
ORD00526,22-02-26,Pune,Homemaker,Air Fryer,Home Appliances,1,6800,0,6800,4893.32,1906.68,Debit Card,Returned
ORD00527,14-04-26,Ahmedabad,Student,Mixer Grinder,Home Appliances,1,4200,0,4200,2967.81,1232.19,Net Banking,Delivered
ORD00528,02-02-26,Chandigarh,Working Professional,Laptop,Electronics,2,55000,0,110000,82274.92,27725.08,Credit Card,Cancelled
ORD00529,15-06-26,Noida,Business Owner,Bookshelf,Furniture,2,7200,10,12960,9322.33,3637.67,Net Banking,Delivered
ORD00530,01-06-26,Mumbai,Homemaker,Jeans,Fashion,1,1800,15,1530,1209.27,320.73,Net Banking,Delivered
ORD00531,25-06-26,Kolkata,Working Professional,Casual Shoes,Footwear,1,2800,5,2660,1762.4,897.6,Debit Card,Delivered
ORD00532,23-02-26,Ahmedabad,Business Owner,Tablet,Electronics,3,18000,10,48600,36760.44,11839.56,COD,Delivered
ORD00533,06-07-26,Delhi,Business Owner,T-Shirt,Fashion,2,900,0,1800,1234.87,565.13,Credit Card,Delivered
ORD00534,18-01-26,Kolkata,Business Owner,Smartwatch,Electronics,1,4500,10,4050,2545.81,1504.19,Debit Card,Delivered
ORD00535,03-06-26,Mumbai,Student,Air Fryer,Home Appliances,4,6800,5,25840,19912.82,5927.18,Debit Card,Delivered
ORD00536,09-04-26,Kolkata,Working Professional,Office Chair,Furniture,5,8500,20,34000,21450.05,12549.95,Credit Card,Delivered
ORD00537,23-07-26,Bengaluru,Business Owner,Jeans,Fashion,4,1800,0,7200,5502.62,1697.38,Net Banking,Delivered
ORD00538,27-02-26,Lucknow,Business Owner,Air Fryer,Home Appliances,2,6800,5,12920,9561.82,3358.18,Credit Card,Delivered
ORD00539,12-08-26,Pune,Business Owner,Headphones,Electronics,2,2200,15,3740,3020.89,719.11,Debit Card,Delivered
ORD00540,19-09-26,Pune,Student,Mixer Grinder,Home Appliances,2,4200,10,7560,6180.12,1379.88,Debit Card,Cancelled
ORD00541,12-08-26,Gurgaon,Working Professional,Jacket,Fashion,2,3500,5,6650,5246.31,1403.69,Debit Card,Delivered
ORD00542,15-02-26,Delhi,Working Professional,T-Shirt,Fashion,1,900,10,810,584.53,225.47,UPI,Delivered
ORD00543,10-03-26,Ahmedabad,Homemaker,Headphones,Electronics,1,2200,10,1980,1348.92,631.08,UPI,Delivered
ORD00544,21-08-26,Noida,Business Owner,Mixer Grinder,Home Appliances,4,4200,5,15960,10870.55,5089.45,Credit Card,Delivered
ORD00545,02-09-26,Mumbai,Homemaker,Keyboard,Electronics,1,1800,0,1800,1322.77,477.23,COD,Delivered
ORD00546,25-03-26,Bengaluru,Working Professional,Running Shoes,Footwear,2,3200,10,5760,3864.39,1895.61,UPI,Delivered
ORD00547,18-09-26,Noida,Business Owner,Jeans,Fashion,3,1800,5,5130,4186.51,943.49,UPI,Returned
ORD00548,05-08-26,Mumbai,Business Owner,Jeans,Fashion,1,1800,5,1710,1100.89,609.11,UPI,Delivered
ORD00549,28-02-26,Ahmedabad,Business Owner,Casual Shoes,Footwear,2,2800,10,5040,3226.49,1813.51,COD,Delivered
ORD00550,27-01-26,Noida,Working Professional,Tablet,Electronics,2,18000,15,30600,22755.09,7844.91,Debit Card,Delivered
ORD00551,14-06-26,Kolkata,Student,Jacket,Fashion,3,3500,5,9975,7281.78,2693.22,COD,Delivered
ORD00552,11-09-26,Ahmedabad,Student,Bookshelf,Furniture,3,7200,0,21600,16087.79,5512.21,Credit Card,Delivered
ORD00553,20-05-26,Pune,Working Professional,Headphones,Electronics,1,2200,10,1980,1483.48,496.52,Debit Card,Delivered
ORD00554,16-07-26,Delhi,Working Professional,Backpack,Bags,1,1800,5,1710,1158.32,551.68,Debit Card,Delivered
ORD00555,09-03-26,Gurgaon,Business Owner,Bookshelf,Furniture,1,7200,15,6120,4302.61,1817.39,Debit Card,Delivered
ORD00556,24-06-26,Mumbai,Working Professional,T-Shirt,Fashion,1,900,0,900,712.09,187.91,UPI,Delivered
ORD00557,19-09-26,Gurgaon,Student,Monitor,Electronics,1,14000,15,11900,9249.23,2650.77,UPI,Delivered
ORD00558,04-03-26,Pune,Student,Mouse,Electronics,2,900,0,1800,1442.66,357.34,Credit Card,Delivered
ORD00559,03-03-26,Jaipur,Student,Jacket,Fashion,1,3500,10,3150,2123.05,1026.95,UPI,Delivered
ORD00560,13-02-26,Noida,Homemaker,Running Shoes,Footwear,2,3200,5,6080,4214.53,1865.47,Debit Card,Returned
ORD00561,10-07-26,Mumbai,Working Professional,Coffee Maker,Home Appliances,3,5200,5,14820,10006.74,4813.26,Debit Card,Delivered
ORD00562,22-01-26,Mumbai,Business Owner,Travel Bag,Bags,3,2600,10,7020,4797.49,2222.51,Net Banking,Delivered
ORD00563,30-06-26,Ahmedabad,Working Professional,Running Shoes,Footwear,3,3200,15,8160,5449.5,2710.5,Debit Card,Delivered
ORD00564,16-06-26,Gurgaon,Working Professional,Headphones,Electronics,2,2200,0,4400,3559.6,840.4,Credit Card,Delivered
ORD00565,13-05-26,Noida,Student,Smartwatch,Electronics,1,4500,10,4050,3187.34,862.66,Debit Card,Delivered
ORD00566,16-04-26,Hyderabad,Homemaker,Keyboard,Electronics,2,1800,10,3240,2609.04,630.96,UPI,Delivered
ORD00567,21-01-26,Lucknow,Student,Mixer Grinder,Home Appliances,1,4200,10,3780,3078.08,701.92,Credit Card,Delivered
ORD00568,19-07-26,Gurgaon,Student,Mixer Grinder,Home Appliances,1,4200,5,3990,2807.38,1182.62,UPI,Delivered
ORD00569,02-06-26,Jaipur,Student,Smartwatch,Electronics,1,4500,5,4275,2754.49,1520.51,Credit Card,Cancelled
ORD00570,10-05-26,Gurgaon,Working Professional,Office Chair,Furniture,2,8500,5,16150,11526.47,4623.53,Debit Card,Delivered
ORD00571,11-09-26,Chandigarh,Business Owner,Jeans,Fashion,2,1800,10,3240,2502.03,737.97,UPI,Returned
ORD00572,14-05-26,Kolkata,Homemaker,Keyboard,Electronics,2,1800,0,3600,2307.75,1292.25,COD,Delivered
ORD00573,16-07-26,Mumbai,Homemaker,Coffee Maker,Home Appliances,2,5200,0,10400,7384.85,3015.15,UPI,Returned
ORD00574,04-09-26,Noida,Student,Laptop,Electronics,1,55000,5,52250,41847.12,10402.88,Net Banking,Returned
ORD00575,17-02-26,Kolkata,Student,Smartwatch,Electronics,1,4500,0,4500,3630.8,869.2,Net Banking,Cancelled
ORD00576,15-04-26,Jaipur,Business Owner,Monitor,Electronics,1,14000,5,13300,8711.74,4588.26,Credit Card,Delivered
ORD00577,13-01-26,Noida,Homemaker,Mixer Grinder,Home Appliances,1,4200,20,3360,2263.88,1096.12,UPI,Delivered
ORD00578,13-08-26,Ahmedabad,Student,Jacket,Fashion,1,3500,15,2975,2306.43,668.57,Debit Card,Delivered
ORD00579,26-06-26,Mumbai,Student,Air Fryer,Home Appliances,2,6800,15,11560,7841.27,3718.73,Net Banking,Delivered
ORD00580,17-02-26,Bengaluru,Working Professional,Tablet,Electronics,1,18000,0,18000,14047.13,3952.87,Credit Card,Delivered
ORD00581,02-02-26,Kolkata,Working Professional,Smartwatch,Electronics,1,4500,5,4275,3221.54,1053.46,Net Banking,Delivered
ORD00582,08-04-26,Hyderabad,Student,Backpack,Bags,1,1800,10,1620,1101.55,518.45,Debit Card,Delivered
ORD00583,02-01-26,Pune,Working Professional,Monitor,Electronics,1,14000,20,11200,8463.37,2736.63,Net Banking,Delivered
ORD00584,05-03-26,Chandigarh,Homemaker,Keyboard,Electronics,2,1800,20,2880,1794.5,1085.5,UPI,Delivered
ORD00585,27-06-26,Hyderabad,Homemaker,T-Shirt,Fashion,5,900,10,4050,2870.46,1179.54,UPI,Delivered
ORD00586,07-06-26,Chandigarh,Student,Casual Shoes,Footwear,1,2800,5,2660,1705.07,954.93,COD,Delivered
ORD00587,03-04-26,Pune,Business Owner,Monitor,Electronics,1,14000,0,14000,10830.43,3169.57,Credit Card,Delivered
ORD00588,20-08-26,Chandigarh,Business Owner,Running Shoes,Footwear,2,3200,10,5760,3629.43,2130.57,Credit Card,Delivered
ORD00589,16-05-26,Mumbai,Student,Coffee Maker,Home Appliances,1,5200,15,4420,3579.64,840.36,UPI,Delivered
ORD00590,19-05-26,Chandigarh,Homemaker,Backpack,Bags,2,1800,10,3240,2627.06,612.94,Net Banking,Delivered
ORD00591,02-05-26,Gurgaon,Working Professional,Office Chair,Furniture,2,8500,0,17000,12283.68,4716.32,UPI,Delivered
ORD00592,26-01-26,Bengaluru,Working Professional,Mixer Grinder,Home Appliances,1,4200,0,4200,3023.99,1176.01,COD,Delivered
ORD00593,20-05-26,Gurgaon,Business Owner,Running Shoes,Footwear,4,3200,10,11520,9207.73,2312.27,UPI,Delivered
ORD00594,15-02-26,Delhi,Student,Headphones,Electronics,2,2200,15,3740,2688.16,1051.84,Net Banking,Delivered
ORD00595,14-03-26,Mumbai,Working Professional,Casual Shoes,Footwear,3,2800,10,7560,5771.95,1788.05,Credit Card,Delivered
ORD00596,05-07-26,Hyderabad,Business Owner,Headphones,Electronics,1,2200,10,1980,1602,378,COD,Delivered
ORD00597,20-06-26,Delhi,Business Owner,Smartphone,Electronics,4,28000,15,95200,73325.3,21874.7,COD,Delivered
ORD00598,29-05-26,Gurgaon,Student,Backpack,Bags,1,1800,0,1800,1213.89,586.11,UPI,Delivered
ORD00599,04-05-26,Gurgaon,Business Owner,Jeans,Fashion,1,1800,15,1530,963.22,566.78,Credit Card,Delivered
ORD00600,10-02-26,Mumbai,Homemaker,Running Shoes,Footwear,2,3200,5,6080,4859.85,1220.15,Debit Card,Delivered
ORD00601,15-09-26,Gurgaon,Homemaker,Coffee Maker,Home Appliances,2,5200,10,9360,7125.86,2234.14,Net Banking,Delivered
ORD00602,13-02-26,Mumbai,Working Professional,Tablet,Electronics,2,18000,5,34200,22059.07,12140.93,COD,Delivered
ORD00603,16-02-26,Lucknow,Student,Laptop,Electronics,2,55000,15,93500,73779.45,19720.55,Debit Card,Delivered
ORD00604,25-01-26,Ahmedabad,Working Professional,Laptop,Electronics,2,55000,5,104500,73836.03,30663.97,COD,Cancelled
ORD00605,09-07-26,Chandigarh,Homemaker,Smartwatch,Electronics,4,4500,15,15300,10165.35,5134.65,Net Banking,Cancelled
ORD00606,27-02-26,Bengaluru,Homemaker,Mouse,Electronics,1,900,15,765,533.45,231.55,Net Banking,Delivered
ORD00607,17-07-26,Noida,Working Professional,Backpack,Bags,3,1800,10,4860,3260.44,1599.56,Net Banking,Delivered
ORD00608,07-03-26,Ahmedabad,Business Owner,Bookshelf,Furniture,1,7200,15,6120,3801.31,2318.69,Debit Card,Returned
ORD00609,21-05-26,Mumbai,Working Professional,Mouse,Electronics,2,900,15,1530,1245.99,284.01,UPI,Delivered
ORD00610,18-07-26,Kolkata,Working Professional,Keyboard,Electronics,3,1800,5,5130,3317.17,1812.83,Debit Card,Returned
ORD00611,06-05-26,Chandigarh,Working Professional,Tablet,Electronics,2,18000,10,32400,20211.67,12188.33,Credit Card,Delivered
ORD00612,11-03-26,Hyderabad,Homemaker,Keyboard,Electronics,1,1800,5,1710,1145.4,564.6,Credit Card,Delivered
ORD00613,22-03-26,Hyderabad,Student,Running Shoes,Footwear,1,3200,5,3040,2087.65,952.35,Net Banking,Delivered
ORD00614,23-01-26,Kolkata,Student,Mouse,Electronics,1,900,5,855,591.43,263.57,Credit Card,Returned
ORD00615,01-05-26,Delhi,Working Professional,T-Shirt,Fashion,1,900,5,855,632.91,222.09,Credit Card,Delivered
ORD00616,06-08-26,Hyderabad,Homemaker,Study Table,Furniture,2,6500,5,12350,8551.46,3798.54,Debit Card,Delivered
ORD00617,29-01-26,Hyderabad,Homemaker,Laptop,Electronics,2,55000,0,110000,75015.08,34984.92,COD,Delivered
ORD00618,19-01-26,Pune,Business Owner,Monitor,Electronics,1,14000,15,11900,7915.51,3984.49,COD,Delivered
ORD00619,28-03-26,Hyderabad,Business Owner,Casual Shoes,Footwear,1,2800,15,2380,1828.39,551.61,Credit Card,Delivered
ORD00620,16-06-26,Chandigarh,Working Professional,Jeans,Fashion,1,1800,0,1800,1352.18,447.82,COD,Cancelled
ORD00621,05-09-26,Gurgaon,Student,Smartwatch,Electronics,1,4500,0,4500,2986.82,1513.18,Net Banking,Delivered
ORD00622,11-03-26,Pune,Working Professional,Electric Kettle,Home Appliances,1,2200,5,2090,1586.61,503.39,COD,Delivered
ORD00623,03-05-26,Mumbai,Working Professional,Running Shoes,Footwear,4,3200,15,10880,7311.73,3568.27,Net Banking,Delivered
ORD00624,30-07-26,Delhi,Business Owner,Electric Kettle,Home Appliances,2,2200,0,4400,2834.08,1565.92,COD,Delivered
ORD00625,18-01-26,Hyderabad,Student,Jeans,Fashion,1,1800,5,1710,1159.83,550.17,Net Banking,Returned
ORD00626,03-04-26,Lucknow,Student,Air Fryer,Home Appliances,4,6800,15,23120,15873.86,7246.14,UPI,Delivered
ORD00627,10-01-26,Mumbai,Business Owner,Smartphone,Electronics,1,28000,5,26600,18338.4,8261.6,UPI,Delivered
ORD00628,31-05-26,Jaipur,Business Owner,Jeans,Fashion,1,1800,15,1530,993.01,536.99,UPI,Delivered
ORD00629,03-02-26,Mumbai,Student,Travel Bag,Bags,1,2600,10,2340,1765.64,574.36,UPI,Delivered
ORD00630,09-07-26,Bengaluru,Homemaker,T-Shirt,Fashion,4,900,0,3600,2846.11,753.89,COD,Delivered
ORD00631,12-08-26,Delhi,Homemaker,Air Fryer,Home Appliances,4,6800,10,24480,16322.32,8157.68,UPI,Delivered
ORD00632,18-08-26,Kolkata,Working Professional,Monitor,Electronics,1,14000,5,13300,9011.48,4288.52,UPI,Returned
ORD00633,22-04-26,Pune,Homemaker,Bookshelf,Furniture,1,7200,5,6840,4417.06,2422.94,Net Banking,Delivered
ORD00634,17-04-26,Ahmedabad,Student,Backpack,Bags,1,1800,10,1620,1062.63,557.37,Debit Card,Delivered
ORD00635,13-07-26,Pune,Homemaker,Jeans,Fashion,2,1800,20,2880,2347.16,532.84,Net Banking,Delivered
ORD00636,17-07-26,Chandigarh,Student,Monitor,Electronics,3,14000,15,35700,28108.06,7591.94,Net Banking,Delivered
ORD00637,01-03-26,Lucknow,Business Owner,Smartphone,Electronics,1,28000,10,25200,20184.73,5015.27,UPI,Cancelled
ORD00638,07-09-26,Kolkata,Student,Jeans,Fashion,1,1800,10,1620,1219.14,400.86,Credit Card,Delivered
ORD00639,28-03-26,Bengaluru,Business Owner,Running Shoes,Footwear,1,3200,15,2720,2063.54,656.46,Debit Card,Delivered
ORD00640,18-09-26,Mumbai,Student,Smartphone,Electronics,4,28000,20,89600,67142.36,22457.64,COD,Delivered
ORD00641,08-01-26,Hyderabad,Business Owner,Running Shoes,Footwear,5,3200,5,15200,11298.54,3901.46,Credit Card,Delivered
ORD00642,29-03-26,Mumbai,Working Professional,Bookshelf,Furniture,2,7200,15,12240,8398.02,3841.98,Credit Card,Delivered
ORD00643,15-01-26,Noida,Homemaker,Running Shoes,Footwear,4,3200,20,10240,7751.07,2488.93,Debit Card,Delivered
ORD00644,28-03-26,Jaipur,Business Owner,Backpack,Bags,1,1800,0,1800,1427.38,372.62,Credit Card,Delivered
ORD00645,31-05-26,Gurgaon,Homemaker,Travel Bag,Bags,1,2600,10,2340,1465.14,874.86,Net Banking,Cancelled
ORD00646,17-08-26,Noida,Business Owner,Monitor,Electronics,1,14000,5,13300,10361.84,2938.16,Net Banking,Delivered
ORD00647,21-04-26,Kolkata,Student,Travel Bag,Bags,1,2600,10,2340,1871.01,468.99,Credit Card,Cancelled
ORD00648,21-08-26,Noida,Homemaker,Smartwatch,Electronics,1,4500,10,4050,2721.56,1328.44,COD,Returned
ORD00649,09-09-26,Noida,Homemaker,Mouse,Electronics,1,900,10,810,563.07,246.93,Debit Card,Delivered
ORD00650,26-06-26,Noida,Working Professional,Running Shoes,Footwear,1,3200,5,3040,2129.33,910.67,Debit Card,Delivered
ORD00651,25-02-26,Ahmedabad,Student,Smartwatch,Electronics,3,4500,10,12150,8473.98,3676.02,Net Banking,Returned
ORD00652,04-08-26,Kolkata,Working Professional,Office Chair,Furniture,1,8500,10,7650,5291.32,2358.68,COD,Returned
ORD00653,21-03-26,Noida,Homemaker,Monitor,Electronics,1,14000,15,11900,9137.73,2762.27,Net Banking,Delivered
ORD00654,24-04-26,Bengaluru,Working Professional,Backpack,Bags,2,1800,15,3060,2469.57,590.43,Debit Card,Delivered
ORD00655,30-06-26,Mumbai,Business Owner,Backpack,Bags,1,1800,0,1800,1438.09,361.91,COD,Delivered
ORD00656,06-02-26,Noida,Homemaker,Casual Shoes,Footwear,1,2800,0,2800,2165.39,634.61,Debit Card,Returned
ORD00657,03-07-26,Bengaluru,Business Owner,Keyboard,Electronics,1,1800,5,1710,1398.55,311.45,UPI,Delivered
ORD00658,10-08-26,Mumbai,Business Owner,Casual Shoes,Footwear,1,2800,10,2520,1897.03,622.97,Credit Card,Delivered
ORD00659,18-05-26,Pune,Working Professional,Office Chair,Furniture,3,8500,5,24225,17738.02,6486.98,Debit Card,Delivered
ORD00660,15-07-26,Kolkata,Working Professional,Air Fryer,Home Appliances,1,6800,10,6120,4344.83,1775.17,Debit Card,Delivered
ORD00661,19-05-26,Mumbai,Homemaker,Headphones,Electronics,3,2200,10,5940,4529.32,1410.68,Credit Card,Delivered
ORD00662,26-01-26,Pune,Working Professional,Monitor,Electronics,2,14000,5,26600,19566.66,7033.34,COD,Delivered
ORD00663,01-03-26,Bengaluru,Business Owner,Headphones,Electronics,1,2200,15,1870,1505.93,364.07,Net Banking,Delivered
ORD00664,01-01-26,Kolkata,Business Owner,Travel Bag,Bags,2,2600,15,4420,3242.2,1177.8,Debit Card,Delivered
ORD00665,20-06-26,Kolkata,Student,Jacket,Fashion,2,3500,5,6650,4192.29,2457.71,Net Banking,Delivered
ORD00666,05-02-26,Bengaluru,Working Professional,Office Chair,Furniture,1,8500,20,6800,5090.11,1709.89,COD,Delivered
ORD00667,17-02-26,Kolkata,Student,Coffee Maker,Home Appliances,1,5200,10,4680,3372.82,1307.18,UPI,Delivered
ORD00668,15-09-26,Hyderabad,Homemaker,Electric Kettle,Home Appliances,2,2200,0,4400,3287.53,1112.47,Net Banking,Delivered
ORD00669,09-07-26,Mumbai,Working Professional,Monitor,Electronics,2,14000,0,28000,22156.2,5843.8,Net Banking,Returned
ORD00670,25-09-26,Gurgaon,Student,Travel Bag,Bags,2,2600,10,4680,2921.39,1758.61,Credit Card,Delivered
ORD00671,29-03-26,Chandigarh,Student,Coffee Maker,Home Appliances,1,5200,15,4420,3378.46,1041.54,Credit Card,Delivered
ORD00672,09-04-26,Chandigarh,Working Professional,Jacket,Fashion,1,3500,5,3325,2370.72,954.28,Credit Card,Delivered
ORD00673,19-03-26,Noida,Working Professional,Running Shoes,Footwear,1,3200,10,2880,2038.89,841.11,Credit Card,Returned
ORD00674,06-04-26,Mumbai,Student,Smartwatch,Electronics,1,4500,5,4275,2815.28,1459.72,Net Banking,Delivered
ORD00675,09-04-26,Lucknow,Homemaker,Keyboard,Electronics,4,1800,0,7200,4892.8,2307.2,COD,Returned
ORD00676,12-01-26,Mumbai,Homemaker,Laptop,Electronics,1,55000,5,52250,40524.33,11725.67,COD,Delivered
ORD00677,16-01-26,Gurgaon,Student,Running Shoes,Footwear,2,3200,5,6080,4014.29,2065.71,COD,Returned
ORD00678,11-02-26,Noida,Student,Tablet,Electronics,2,18000,10,32400,25147.86,7252.14,COD,Cancelled
ORD00679,26-05-26,Noida,Business Owner,Air Fryer,Home Appliances,2,6800,5,12920,9244.34,3675.66,UPI,Delivered
ORD00680,24-06-26,Delhi,Homemaker,Casual Shoes,Footwear,2,2800,10,5040,3279.77,1760.23,UPI,Delivered
ORD00681,06-02-26,Kolkata,Business Owner,Laptop,Electronics,4,55000,10,198000,152641.36,45358.64,Credit Card,Returned
ORD00682,06-07-26,Hyderabad,Business Owner,Keyboard,Electronics,1,1800,5,1710,1273.58,436.42,Debit Card,Delivered
ORD00683,06-05-26,Mumbai,Homemaker,Study Table,Furniture,1,6500,10,5850,4637.22,1212.78,COD,Cancelled
ORD00684,14-06-26,Noida,Homemaker,Mouse,Electronics,1,900,10,810,624.47,185.53,COD,Delivered
ORD00685,12-05-26,Bengaluru,Student,Travel Bag,Bags,1,2600,0,2600,1622.19,977.81,Credit Card,Delivered
ORD00686,22-03-26,Noida,Working Professional,Office Chair,Furniture,1,8500,5,8075,5933.74,2141.26,Net Banking,Cancelled
ORD00687,08-07-26,Kolkata,Student,Air Fryer,Home Appliances,1,6800,0,6800,4760.57,2039.43,Credit Card,Delivered
ORD00688,19-03-26,Jaipur,Homemaker,Travel Bag,Bags,5,2600,5,12350,7919.79,4430.21,Net Banking,Delivered
ORD00689,10-01-26,Hyderabad,Student,T-Shirt,Fashion,2,900,10,1620,1125.43,494.57,Debit Card,Delivered
ORD00690,29-04-26,Pune,Business Owner,Study Table,Furniture,2,6500,0,13000,9739.97,3260.03,Credit Card,Delivered
ORD00691,17-02-26,Kolkata,Working Professional,Keyboard,Electronics,2,1800,5,3420,2418.19,1001.81,UPI,Cancelled
ORD00692,16-01-26,Delhi,Homemaker,Headphones,Electronics,1,2200,10,1980,1471.22,508.78,COD,Delivered
ORD00693,30-09-26,Jaipur,Working Professional,Tablet,Electronics,1,18000,5,17100,11505.34,5594.66,Net Banking,Delivered
ORD00694,26-05-26,Hyderabad,Working Professional,Mouse,Electronics,2,900,15,1530,1104.55,425.45,COD,Returned
ORD00695,06-03-26,Bengaluru,Working Professional,Air Fryer,Home Appliances,1,6800,10,6120,4359.22,1760.78,Credit Card,Delivered
ORD00696,28-05-26,Gurgaon,Business Owner,Smartphone,Electronics,1,28000,0,28000,21150.81,6849.19,Credit Card,Delivered
ORD00697,24-07-26,Noida,Homemaker,Backpack,Bags,1,1800,10,1620,1072.27,547.73,Credit Card,Delivered
ORD00698,30-07-26,Kolkata,Business Owner,Running Shoes,Footwear,1,3200,15,2720,1868.25,851.75,Net Banking,Delivered
ORD00699,29-09-26,Ahmedabad,Working Professional,Headphones,Electronics,1,2200,5,2090,1673.24,416.76,UPI,Delivered
ORD00700,05-09-26,Jaipur,Student,Keyboard,Electronics,3,1800,0,5400,3910.36,1489.64,Debit Card,Delivered
ORD00701,30-03-26,Chandigarh,Homemaker,Jeans,Fashion,1,1800,10,1620,1199.03,420.97,COD,Delivered
ORD00702,03-03-26,Noida,Working Professional,Electric Kettle,Home Appliances,3,2200,0,6600,5077.47,1522.53,Net Banking,Delivered
ORD00703,11-08-26,Ahmedabad,Student,Air Fryer,Home Appliances,1,6800,0,6800,4877.06,1922.94,UPI,Returned
ORD00704,18-06-26,Lucknow,Business Owner,Smartwatch,Electronics,2,4500,15,7650,5805.15,1844.85,Debit Card,Cancelled
ORD00705,05-06-26,Lucknow,Homemaker,Mixer Grinder,Home Appliances,1,4200,15,3570,2894.36,675.64,Net Banking,Delivered
ORD00706,03-05-26,Jaipur,Business Owner,Jacket,Fashion,1,3500,15,2975,2399.03,575.97,Net Banking,Delivered
ORD00707,29-06-26,Noida,Working Professional,Study Table,Furniture,1,6500,0,6500,5228.39,1271.61,Debit Card,Delivered
ORD00708,24-07-26,Hyderabad,Student,Air Fryer,Home Appliances,2,6800,15,11560,8565.38,2994.62,UPI,Delivered
ORD00709,01-10-26,Pune,Student,Headphones,Electronics,2,2200,5,4180,2591.83,1588.17,Credit Card,Delivered
ORD00710,16-09-26,Delhi,Homemaker,Air Fryer,Home Appliances,2,6800,15,11560,9226.12,2333.88,UPI,Delivered
ORD00711,31-05-26,Lucknow,Student,Backpack,Bags,1,1800,5,1710,1124.17,585.83,Net Banking,Delivered
ORD00712,12-02-26,Mumbai,Homemaker,Study Table,Furniture,1,6500,20,5200,3294.14,1905.86,COD,Delivered
ORD00713,23-03-26,Kolkata,Business Owner,Coffee Maker,Home Appliances,1,5200,0,5200,4168.91,1031.09,Credit Card,Delivered
ORD00714,29-04-26,Ahmedabad,Homemaker,Smartwatch,Electronics,2,4500,0,9000,6257.47,2742.53,Credit Card,Delivered
ORD00715,22-04-26,Pune,Student,Smartwatch,Electronics,4,4500,5,17100,11659.53,5440.47,Credit Card,Delivered
ORD00716,06-05-26,Hyderabad,Business Owner,Monitor,Electronics,3,14000,10,37800,26006.87,11793.13,Debit Card,Delivered
ORD00717,20-04-26,Bengaluru,Working Professional,Electric Kettle,Home Appliances,1,2200,15,1870,1364.27,505.73,COD,Delivered
ORD00718,28-03-26,Hyderabad,Homemaker,Laptop,Electronics,1,55000,0,55000,36605,18395,COD,Cancelled
ORD00719,25-03-26,Chandigarh,Business Owner,Tablet,Electronics,1,18000,0,18000,11329.31,6670.69,UPI,Delivered
ORD00720,09-09-26,Lucknow,Homemaker,T-Shirt,Fashion,4,900,15,3060,2465.5,594.5,Net Banking,Delivered
ORD00721,03-02-26,Bengaluru,Student,Backpack,Bags,3,1800,5,5130,3451.11,1678.89,Credit Card,Returned
ORD00722,07-04-26,Jaipur,Business Owner,Jacket,Fashion,2,3500,0,7000,5062.35,1937.65,Credit Card,Delivered
ORD00723,19-07-26,Noida,Student,Smartphone,Electronics,2,28000,5,53200,34765.67,18434.33,COD,Delivered
ORD00724,15-08-26,Delhi,Business Owner,Study Table,Furniture,3,6500,5,18525,13532.01,4992.99,Debit Card,Delivered
ORD00725,03-09-26,Hyderabad,Student,Travel Bag,Bags,1,2600,0,2600,1828.48,771.52,Debit Card,Delivered
ORD00726,21-06-26,Mumbai,Working Professional,Jacket,Fashion,1,3500,5,3325,2534.01,790.99,Net Banking,Cancelled
ORD00727,03-04-26,Ahmedabad,Homemaker,Mouse,Electronics,1,900,10,810,613.53,196.47,Debit Card,Delivered
ORD00728,24-02-26,Kolkata,Business Owner,Smartwatch,Electronics,2,4500,10,8100,5417.44,2682.56,UPI,Cancelled
ORD00729,21-02-26,Hyderabad,Student,Smartphone,Electronics,2,28000,0,56000,36321.11,19678.89,Debit Card,Delivered
ORD00730,17-07-26,Gurgaon,Student,Keyboard,Electronics,1,1800,0,1800,1388.72,411.28,Net Banking,Delivered
ORD00731,14-09-26,Kolkata,Homemaker,Study Table,Furniture,5,6500,5,30875,22663.42,8211.58,Credit Card,Cancelled
ORD00732,17-01-26,Chandigarh,Student,Running Shoes,Footwear,1,3200,5,3040,1968.9,1071.1,Credit Card,Delivered
ORD00733,31-07-26,Noida,Working Professional,Smartphone,Electronics,1,28000,0,28000,21387.57,6612.43,Debit Card,Delivered
ORD00734,20-08-26,Ahmedabad,Business Owner,Bookshelf,Furniture,1,7200,15,6120,4524.34,1595.66,Debit Card,Returned
ORD00735,19-07-26,Jaipur,Business Owner,Casual Shoes,Footwear,2,2800,15,4760,3076.53,1683.47,Credit Card,Delivered
ORD00736,16-01-26,Ahmedabad,Working Professional,Monitor,Electronics,5,14000,0,70000,47786.42,22213.58,Net Banking,Delivered
ORD00737,02-03-26,Bengaluru,Working Professional,Running Shoes,Footwear,2,3200,15,5440,3547.85,1892.15,UPI,Cancelled
ORD00738,04-06-26,Kolkata,Working Professional,Travel Bag,Bags,2,2600,15,4420,3215.33,1204.67,Debit Card,Delivered
ORD00739,13-03-26,Noida,Working Professional,Smartwatch,Electronics,5,4500,10,20250,13995.09,6254.91,COD,Delivered
ORD00740,06-09-26,Chandigarh,Working Professional,Air Fryer,Home Appliances,1,6800,20,5440,4157.17,1282.83,UPI,Delivered
ORD00741,04-07-26,Bengaluru,Business Owner,Running Shoes,Footwear,2,3200,10,5760,4574,1186,COD,Returned
ORD00742,07-07-26,Delhi,Working Professional,Mixer Grinder,Home Appliances,1,4200,20,3360,2382.92,977.08,Credit Card,Delivered
ORD00743,10-05-26,Delhi,Student,Jacket,Fashion,1,3500,10,3150,2250.9,899.1,Credit Card,Cancelled
ORD00744,01-01-26,Pune,Business Owner,Air Fryer,Home Appliances,3,6800,10,18360,12946.65,5413.35,Credit Card,Delivered
ORD00745,07-05-26,Pune,Homemaker,Electric Kettle,Home Appliances,2,2200,10,3960,3197.44,762.56,COD,Delivered
ORD00746,26-04-26,Noida,Working Professional,Study Table,Furniture,2,6500,10,11700,8771.21,2928.79,Credit Card,Delivered
ORD00747,16-09-26,Bengaluru,Business Owner,Smartwatch,Electronics,4,4500,15,15300,10388.82,4911.18,Net Banking,Delivered
ORD00748,22-09-26,Delhi,Homemaker,Coffee Maker,Home Appliances,3,5200,0,15600,10749.97,4850.03,Credit Card,Delivered
ORD00749,24-06-26,Ahmedabad,Working Professional,Laptop,Electronics,2,55000,10,99000,62865.62,36134.38,Credit Card,Delivered
ORD00750,29-05-26,Mumbai,Business Owner,Mixer Grinder,Home Appliances,1,4200,5,3990,2904.33,1085.67,Debit Card,Delivered
ORD00751,25-07-26,Mumbai,Homemaker,Air Fryer,Home Appliances,2,6800,10,12240,8423.33,3816.67,Net Banking,Returned
ORD00752,06-08-26,Gurgaon,Business Owner,Keyboard,Electronics,2,1800,0,3600,2792.96,807.04,COD,Delivered
ORD00753,07-05-26,Ahmedabad,Homemaker,Jeans,Fashion,1,1800,5,1710,1166.59,543.41,Credit Card,Delivered
ORD00754,10-08-26,Delhi,Business Owner,Running Shoes,Footwear,2,3200,5,6080,4420.13,1659.87,Net Banking,Delivered
ORD00755,28-08-26,Gurgaon,Business Owner,Jeans,Fashion,2,1800,0,3600,2306.8,1293.2,Net Banking,Delivered
ORD00756,10-03-26,Bengaluru,Business Owner,Keyboard,Electronics,2,1800,15,3060,2434.24,625.76,COD,Delivered
ORD00757,04-02-26,Kolkata,Student,Office Chair,Furniture,2,8500,5,16150,10261.4,5888.6,Debit Card,Delivered
ORD00758,31-07-26,Hyderabad,Business Owner,Mixer Grinder,Home Appliances,1,4200,20,3360,2615.96,744.04,Debit Card,Cancelled
ORD00759,26-06-26,Chandigarh,Business Owner,Bookshelf,Furniture,2,7200,5,13680,8978.11,4701.89,Debit Card,Delivered
ORD00760,02-04-26,Gurgaon,Working Professional,Backpack,Bags,2,1800,10,3240,2611.12,628.88,Net Banking,Delivered
ORD00761,08-02-26,Lucknow,Business Owner,Keyboard,Electronics,3,1800,10,4860,3338.6,1521.4,UPI,Delivered
ORD00762,26-02-26,Chandigarh,Working Professional,Keyboard,Electronics,1,1800,0,1800,1471.78,328.22,Net Banking,Delivered
ORD00763,21-01-26,Mumbai,Student,Study Table,Furniture,3,6500,15,16575,12947.46,3627.54,Credit Card,Delivered
ORD00764,22-04-26,Bengaluru,Student,Mouse,Electronics,1,900,5,855,599.59,255.41,COD,Delivered
ORD00765,15-09-26,Noida,Working Professional,Monitor,Electronics,2,14000,15,23800,16716.18,7083.82,Debit Card,Delivered
ORD00766,31-01-26,Ahmedabad,Business Owner,Air Fryer,Home Appliances,1,6800,0,6800,4858.49,1941.51,Credit Card,Delivered
ORD00767,06-02-26,Ahmedabad,Working Professional,Smartphone,Electronics,1,28000,0,28000,18030.58,9969.42,UPI,Delivered
ORD00768,18-06-26,Mumbai,Student,Headphones,Electronics,1,2200,5,2090,1429.1,660.9,UPI,Returned
ORD00769,24-09-26,Ahmedabad,Homemaker,Keyboard,Electronics,2,1800,15,3060,2249.07,810.93,COD,Delivered
ORD00770,05-07-26,Kolkata,Homemaker,Running Shoes,Footwear,4,3200,5,12160,8975.83,3184.17,COD,Delivered
ORD00771,01-02-26,Jaipur,Student,Jacket,Fashion,1,3500,5,3325,2690.56,634.44,Debit Card,Delivered
ORD00772,11-02-26,Kolkata,Working Professional,Headphones,Electronics,2,2200,5,4180,3153.09,1026.91,COD,Delivered
ORD00773,29-01-26,Delhi,Working Professional,Laptop,Electronics,3,55000,5,156750,120251.05,36498.95,Net Banking,Delivered
ORD00774,07-06-26,Bengaluru,Homemaker,Office Chair,Furniture,2,8500,0,17000,10926.84,6073.16,Debit Card,Delivered
ORD00775,13-04-26,Gurgaon,Working Professional,Mouse,Electronics,3,900,10,2430,1632.67,797.33,UPI,Delivered
ORD00776,31-05-26,Kolkata,Business Owner,Study Table,Furniture,2,6500,0,13000,9727.84,3272.16,Net Banking,Delivered
ORD00777,01-07-26,Bengaluru,Homemaker,Keyboard,Electronics,1,1800,10,1620,1129.47,490.53,UPI,Delivered
ORD00778,08-04-26,Mumbai,Working Professional,Tablet,Electronics,1,18000,0,18000,13758.27,4241.73,UPI,Cancelled
ORD00779,19-03-26,Noida,Homemaker,Office Chair,Furniture,1,8500,0,8500,6819.36,1680.64,Net Banking,Delivered
ORD00780,11-01-26,Pune,Business Owner,Smartwatch,Electronics,1,4500,20,3600,2232.28,1367.72,Debit Card,Delivered
ORD00781,03-01-26,Hyderabad,Working Professional,Monitor,Electronics,1,14000,5,13300,10488.03,2811.97,Credit Card,Delivered
ORD00782,10-08-26,Lucknow,Homemaker,Headphones,Electronics,2,2200,10,3960,2671.5,1288.5,Net Banking,Delivered
ORD00783,06-06-26,Gurgaon,Working Professional,Mixer Grinder,Home Appliances,1,4200,10,3780,2964.72,815.28,UPI,Delivered
ORD00784,08-01-26,Lucknow,Working Professional,Tablet,Electronics,1,18000,5,17100,12507.24,4592.76,Debit Card,Cancelled
ORD00785,28-08-26,Kolkata,Student,Study Table,Furniture,2,6500,0,13000,8766.52,4233.48,Net Banking,Delivered
ORD00786,17-09-26,Jaipur,Business Owner,Backpack,Bags,3,1800,5,5130,4143.56,986.44,Debit Card,Delivered
ORD00787,24-07-26,Ahmedabad,Student,Air Fryer,Home Appliances,1,6800,5,6460,5064.58,1395.42,COD,Delivered
ORD00788,27-05-26,Pune,Working Professional,Mixer Grinder,Home Appliances,3,4200,0,12600,9090.27,3509.73,UPI,Cancelled
ORD00789,04-05-26,Hyderabad,Student,Travel Bag,Bags,1,2600,10,2340,1846.42,493.58,UPI,Delivered
ORD00790,30-05-26,Ahmedabad,Student,Travel Bag,Bags,1,2600,10,2340,1914.06,425.94,UPI,Delivered
ORD00791,06-08-26,Gurgaon,Student,Coffee Maker,Home Appliances,2,5200,0,10400,6789.26,3610.74,COD,Delivered
ORD00792,22-02-26,Chandigarh,Working Professional,Backpack,Bags,1,1800,5,1710,1075.93,634.07,COD,Delivered
ORD00793,17-08-26,Pune,Student,Backpack,Bags,1,1800,10,1620,1084.23,535.77,UPI,Cancelled
ORD00794,02-09-26,Lucknow,Homemaker,Office Chair,Furniture,3,8500,5,24225,17033.48,7191.52,COD,Delivered
ORD00795,13-04-26,Bengaluru,Student,Air Fryer,Home Appliances,2,6800,0,13600,9732.2,3867.8,Credit Card,Delivered
ORD00796,25-03-26,Chandigarh,Homemaker,Jacket,Fashion,1,3500,0,3500,2602.49,897.51,Debit Card,Delivered
ORD00797,29-01-26,Hyderabad,Homemaker,Jacket,Fashion,1,3500,10,3150,2369.03,780.97,UPI,Delivered
ORD00798,17-09-26,Hyderabad,Working Professional,Mouse,Electronics,3,900,10,2430,1957.37,472.63,UPI,Returned
ORD00799,26-05-26,Noida,Student,Office Chair,Furniture,4,8500,10,30600,19232.02,11367.98,Net Banking,Delivered
ORD00800,01-09-26,Chandigarh,Homemaker,Office Chair,Furniture,2,8500,0,17000,12491.06,4508.94,UPI,Delivered
ORD00801,04-01-26,Hyderabad,Working Professional,Backpack,Bags,3,1800,10,4860,3138.77,1721.23,UPI,Delivered
ORD00802,06-04-26,Pune,Homemaker,Smartwatch,Electronics,1,4500,10,4050,2580.16,1469.84,COD,Delivered
ORD00803,11-09-26,Mumbai,Working Professional,Monitor,Electronics,2,14000,0,28000,17372.55,10627.45,Net Banking,Cancelled
ORD00804,01-08-26,Jaipur,Homemaker,T-Shirt,Fashion,1,900,10,810,583.05,226.95,Net Banking,Delivered
ORD00805,06-01-26,Lucknow,Business Owner,Bookshelf,Furniture,1,7200,0,7200,5149.59,2050.41,COD,Delivered
ORD00806,09-09-26,Gurgaon,Student,Electric Kettle,Home Appliances,1,2200,15,1870,1414.8,455.2,Debit Card,Delivered
ORD00807,20-01-26,Lucknow,Homemaker,Laptop,Electronics,2,55000,15,93500,65155.26,28344.74,Credit Card,Returned
ORD00808,02-03-26,Lucknow,Working Professional,Laptop,Electronics,4,55000,0,220000,138429.53,81570.47,Net Banking,Cancelled
ORD00809,04-03-26,Mumbai,Student,Backpack,Bags,1,1800,10,1620,1286.42,333.58,Net Banking,Delivered
ORD00810,20-02-26,Noida,Business Owner,Backpack,Bags,2,1800,10,3240,2598.61,641.39,UPI,Delivered
ORD00811,03-06-26,Delhi,Homemaker,Travel Bag,Bags,3,2600,0,7800,5740.04,2059.96,Credit Card,Delivered
ORD00812,04-05-26,Chandigarh,Student,Laptop,Electronics,3,55000,10,148500,110778,37722,Debit Card,Delivered
ORD00813,15-07-26,Pune,Business Owner,Mixer Grinder,Home Appliances,1,4200,5,3990,2963.6,1026.4,Credit Card,Delivered
ORD00814,25-01-26,Chandigarh,Business Owner,T-Shirt,Fashion,1,900,15,765,623.34,141.66,Debit Card,Delivered
ORD00815,06-01-26,Bengaluru,Homemaker,Headphones,Electronics,5,2200,20,8800,5759.71,3040.29,Net Banking,Delivered
ORD00816,19-04-26,Hyderabad,Homemaker,Running Shoes,Footwear,2,3200,0,6400,4789.33,1610.67,UPI,Delivered
ORD00817,03-01-26,Hyderabad,Student,Mouse,Electronics,3,900,20,2160,1555.05,604.95,COD,Cancelled
ORD00818,14-09-26,Pune,Working Professional,Tablet,Electronics,1,18000,10,16200,11925.7,4274.3,Debit Card,Delivered
ORD00819,12-03-26,Pune,Business Owner,Bookshelf,Furniture,1,7200,0,7200,5635.26,1564.74,Credit Card,Delivered
ORD00820,20-09-26,Bengaluru,Business Owner,Travel Bag,Bags,1,2600,15,2210,1743.47,466.53,Credit Card,Delivered
ORD00821,26-09-26,Jaipur,Business Owner,Headphones,Electronics,1,2200,20,1760,1345.29,414.71,UPI,Cancelled
ORD00822,29-09-26,Hyderabad,Working Professional,Coffee Maker,Home Appliances,1,5200,5,4940,3151.5,1788.5,Net Banking,Cancelled
ORD00823,20-04-26,Bengaluru,Business Owner,Casual Shoes,Footwear,1,2800,0,2800,1802.56,997.44,Debit Card,Delivered
ORD00824,28-09-26,Kolkata,Homemaker,Running Shoes,Footwear,2,3200,5,6080,4169.84,1910.16,UPI,Delivered
ORD00825,27-09-26,Mumbai,Working Professional,Keyboard,Electronics,1,1800,15,1530,1024.29,505.71,Net Banking,Delivered
ORD00826,24-05-26,Mumbai,Homemaker,Headphones,Electronics,1,2200,10,1980,1578.66,401.34,UPI,Cancelled
ORD00827,03-06-26,Noida,Homemaker,Study Table,Furniture,2,6500,10,11700,8737.68,2962.32,UPI,Delivered
ORD00828,29-08-26,Delhi,Business Owner,Smartwatch,Electronics,3,4500,5,12825,9738.99,3086.01,COD,Delivered
ORD00829,03-05-26,Delhi,Student,Mixer Grinder,Home Appliances,4,4200,0,16800,11983.38,4816.62,UPI,Delivered
ORD00830,11-04-26,Chandigarh,Student,Tablet,Electronics,3,18000,15,45900,29960.52,15939.48,COD,Delivered
ORD00831,22-01-26,Kolkata,Business Owner,Bookshelf,Furniture,2,7200,10,12960,8133.55,4826.45,Net Banking,Delivered
ORD00832,28-05-26,Gurgaon,Homemaker,Casual Shoes,Footwear,1,2800,5,2660,2155.33,504.67,Credit Card,Delivered
ORD00833,20-08-26,Kolkata,Homemaker,Jeans,Fashion,2,1800,10,3240,2095.25,1144.75,Credit Card,Delivered
ORD00834,27-02-26,Noida,Student,Casual Shoes,Footwear,5,2800,5,13300,9962.3,3337.7,UPI,Delivered
ORD00835,07-06-26,Gurgaon,Homemaker,Coffee Maker,Home Appliances,2,5200,20,8320,5372.35,2947.65,Credit Card,Delivered
ORD00836,16-04-26,Delhi,Homemaker,Office Chair,Furniture,3,8500,10,22950,15371.66,7578.34,Net Banking,Delivered
ORD00837,13-05-26,Ahmedabad,Student,Mouse,Electronics,1,900,20,720,581.96,138.04,Debit Card,Returned
ORD00838,19-09-26,Kolkata,Student,Headphones,Electronics,2,2200,5,4180,2708.5,1471.5,Debit Card,Delivered
ORD00839,14-06-26,Lucknow,Business Owner,Tablet,Electronics,3,18000,0,54000,33485.05,20514.95,Credit Card,Delivered
ORD00840,15-06-26,Pune,Student,Smartphone,Electronics,1,28000,5,26600,19309.4,7290.6,COD,Delivered
ORD00841,22-02-26,Jaipur,Working Professional,Monitor,Electronics,1,14000,5,13300,9863.99,3436.01,UPI,Delivered
ORD00842,04-05-26,Kolkata,Homemaker,Coffee Maker,Home Appliances,1,5200,15,4420,3444.06,975.94,COD,Delivered
ORD00843,11-08-26,Gurgaon,Homemaker,Air Fryer,Home Appliances,4,6800,20,21760,15513.19,6246.81,Net Banking,Delivered
ORD00844,14-06-26,Ahmedabad,Working Professional,Smartwatch,Electronics,1,4500,15,3825,2932.14,892.86,UPI,Delivered
ORD00845,18-05-26,Bengaluru,Business Owner,Tablet,Electronics,2,18000,5,34200,23957.23,10242.77,Credit Card,Delivered
ORD00846,01-08-26,Gurgaon,Business Owner,Mouse,Electronics,2,900,0,1800,1458.62,341.38,Net Banking,Delivered
ORD00847,16-04-26,Gurgaon,Homemaker,Study Table,Furniture,1,6500,15,5525,4282.35,1242.65,COD,Delivered
ORD00848,05-03-26,Mumbai,Working Professional,Casual Shoes,Footwear,4,2800,5,10640,7020.24,3619.76,COD,Delivered
ORD00849,02-09-26,Bengaluru,Homemaker,Smartphone,Electronics,1,28000,5,26600,18802.25,7797.75,COD,Delivered
ORD00850,06-08-26,Ahmedabad,Business Owner,Travel Bag,Bags,1,2600,15,2210,1719.73,490.27,Debit Card,Delivered
ORD00851,31-08-26,Pune,Student,Backpack,Bags,1,1800,10,1620,1025.19,594.81,UPI,Delivered
ORD00852,01-04-26,Jaipur,Student,Jeans,Fashion,1,1800,0,1800,1284.65,515.35,Debit Card,Delivered
ORD00853,09-07-26,Bengaluru,Working Professional,T-Shirt,Fashion,1,900,10,810,563.68,246.32,UPI,Delivered
ORD00854,22-07-26,Bengaluru,Working Professional,Jacket,Fashion,1,3500,20,2800,2255.33,544.67,UPI,Delivered
ORD00855,08-08-26,Bengaluru,Homemaker,Bookshelf,Furniture,1,7200,10,6480,4077.49,2402.51,Credit Card,Delivered
ORD00856,04-09-26,Jaipur,Homemaker,T-Shirt,Fashion,4,900,5,3420,2582,838,Net Banking,Delivered
ORD00857,01-05-26,Bengaluru,Homemaker,T-Shirt,Fashion,2,900,10,1620,1018.16,601.84,Net Banking,Delivered
ORD00858,28-09-26,Kolkata,Homemaker,Keyboard,Electronics,1,1800,0,1800,1245.97,554.03,Debit Card,Delivered
ORD00859,03-07-26,Pune,Homemaker,Air Fryer,Home Appliances,1,6800,5,6460,4890.59,1569.41,COD,Delivered
ORD00860,15-04-26,Lucknow,Student,Office Chair,Furniture,4,8500,5,32300,23419.05,8880.95,Debit Card,Delivered
ORD00861,11-01-26,Delhi,Working Professional,Study Table,Furniture,1,6500,10,5850,3820.19,2029.81,UPI,Delivered
ORD00862,17-02-26,Gurgaon,Homemaker,Headphones,Electronics,3,2200,10,5940,4815.08,1124.92,Net Banking,Delivered
ORD00863,12-07-26,Lucknow,Working Professional,Casual Shoes,Footwear,1,2800,15,2380,1652.44,727.56,Credit Card,Delivered
ORD00864,31-08-26,Lucknow,Working Professional,T-Shirt,Fashion,3,900,0,2700,1701.85,998.15,COD,Delivered
ORD00865,20-07-26,Jaipur,Business Owner,Electric Kettle,Home Appliances,2,2200,5,4180,3326.73,853.27,UPI,Returned
ORD00866,17-07-26,Gurgaon,Working Professional,Smartphone,Electronics,1,28000,5,26600,20389.07,6210.93,Credit Card,Delivered
ORD00867,03-02-26,Ahmedabad,Working Professional,Mixer Grinder,Home Appliances,1,4200,10,3780,3033.05,746.95,COD,Delivered
ORD00868,12-08-26,Ahmedabad,Business Owner,Running Shoes,Footwear,2,3200,10,5760,4219.38,1540.62,Credit Card,Delivered
ORD00869,27-05-26,Noida,Homemaker,Mouse,Electronics,1,900,10,810,604.16,205.84,UPI,Delivered
ORD00870,14-09-26,Pune,Working Professional,Smartwatch,Electronics,1,4500,5,4275,3369.79,905.21,Credit Card,Delivered
ORD00871,12-06-26,Hyderabad,Homemaker,Mouse,Electronics,1,900,10,810,570.93,239.07,UPI,Delivered
ORD00872,31-07-26,Hyderabad,Business Owner,Mouse,Electronics,2,900,0,1800,1466.33,333.67,Net Banking,Delivered
ORD00873,24-02-26,Jaipur,Business Owner,Monitor,Electronics,1,14000,5,13300,8661.52,4638.48,COD,Returned
ORD00874,08-07-26,Ahmedabad,Homemaker,Air Fryer,Home Appliances,1,6800,10,6120,4630.84,1489.16,COD,Delivered
ORD00875,25-04-26,Delhi,Student,Smartphone,Electronics,1,28000,10,25200,19635.05,5564.95,COD,Delivered
ORD00876,22-06-26,Lucknow,Student,Casual Shoes,Footwear,3,2800,5,7980,6292.1,1687.9,Credit Card,Delivered
ORD00877,18-07-26,Jaipur,Business Owner,Smartphone,Electronics,2,28000,20,44800,35531.02,9268.98,Credit Card,Delivered
ORD00878,14-09-26,Bengaluru,Homemaker,Jacket,Fashion,3,3500,5,9975,7519.63,2455.37,Credit Card,Delivered
ORD00879,12-06-26,Bengaluru,Working Professional,Jacket,Fashion,1,3500,15,2975,2288.56,686.44,Net Banking,Returned
ORD00880,13-05-26,Mumbai,Homemaker,Smartphone,Electronics,1,28000,5,26600,19638.51,6961.49,Credit Card,Delivered
ORD00881,10-02-26,Ahmedabad,Homemaker,Electric Kettle,Home Appliances,1,2200,10,1980,1393.48,586.52,Credit Card,Delivered
ORD00882,17-04-26,Gurgaon,Student,Air Fryer,Home Appliances,1,6800,5,6460,4682.88,1777.12,Net Banking,Delivered
ORD00883,21-05-26,Ahmedabad,Student,Study Table,Furniture,1,6500,5,6175,4374.99,1800.01,Debit Card,Delivered
ORD00884,08-03-26,Chandigarh,Business Owner,Bookshelf,Furniture,2,7200,0,14400,10852.82,3547.18,UPI,Delivered
ORD00885,14-06-26,Gurgaon,Student,Coffee Maker,Home Appliances,4,5200,10,18720,14820.93,3899.07,COD,Delivered
ORD00886,02-02-26,Gurgaon,Working Professional,Casual Shoes,Footwear,4,2800,0,11200,8619.8,2580.2,Debit Card,Delivered
ORD00887,01-05-26,Bengaluru,Business Owner,Running Shoes,Footwear,1,3200,10,2880,2227.63,652.37,Net Banking,Delivered
ORD00888,01-04-26,Mumbai,Homemaker,Running Shoes,Footwear,1,3200,5,3040,2154.28,885.72,COD,Delivered
ORD00889,22-01-26,Hyderabad,Working Professional,Backpack,Bags,1,1800,0,1800,1253.32,546.68,Net Banking,Delivered
ORD00890,17-07-26,Hyderabad,Student,Mixer Grinder,Home Appliances,3,4200,5,11970,8858.78,3111.22,COD,Returned
ORD00891,13-05-26,Bengaluru,Student,Air Fryer,Home Appliances,2,6800,15,11560,7680.73,3879.27,COD,Delivered
ORD00892,04-08-26,Noida,Student,Electric Kettle,Home Appliances,1,2200,5,2090,1649.74,440.26,UPI,Delivered
ORD00893,26-01-26,Hyderabad,Homemaker,Air Fryer,Home Appliances,3,6800,15,17340,12711.88,4628.12,UPI,Delivered
ORD00894,15-06-26,Noida,Business Owner,Smartphone,Electronics,2,28000,5,53200,42176.57,11023.43,Net Banking,Delivered
ORD00895,04-07-26,Gurgaon,Working Professional,Casual Shoes,Footwear,2,2800,0,5600,3539.28,2060.72,Credit Card,Delivered
ORD00896,12-07-26,Kolkata,Business Owner,T-Shirt,Fashion,1,900,5,855,601.46,253.54,COD,Delivered
ORD00897,18-02-26,Kolkata,Business Owner,Travel Bag,Bags,1,2600,5,2470,1930.19,539.81,Debit Card,Delivered
ORD00898,12-09-26,Pune,Student,Casual Shoes,Footwear,2,2800,0,5600,4305.17,1294.83,Credit Card,Cancelled
ORD00899,22-04-26,Kolkata,Business Owner,Bookshelf,Furniture,1,7200,10,6480,4497.25,1982.75,Credit Card,Delivered
ORD00900,08-09-26,Noida,Business Owner,Backpack,Bags,2,1800,5,3420,2521.92,898.08,UPI,Delivered
ORD00901,12-01-26,Jaipur,Student,Coffee Maker,Home Appliances,2,5200,10,9360,5914.85,3445.15,COD,Delivered
ORD00902,04-03-26,Ahmedabad,Business Owner,Jeans,Fashion,1,1800,5,1710,1264.84,445.16,Credit Card,Delivered
ORD00903,09-05-26,Gurgaon,Working Professional,Mixer Grinder,Home Appliances,1,4200,10,3780,2944.28,835.72,Credit Card,Delivered
ORD00904,22-07-26,Ahmedabad,Working Professional,Monitor,Electronics,1,14000,0,14000,10376.79,3623.21,Debit Card,Delivered
ORD00905,20-08-26,Lucknow,Student,Headphones,Electronics,2,2200,5,4180,3091.73,1088.27,UPI,Delivered
ORD00906,13-05-26,Noida,Student,Office Chair,Furniture,3,8500,15,21675,17744.71,3930.29,Net Banking,Returned
ORD00907,12-07-26,Pune,Homemaker,T-Shirt,Fashion,2,900,10,1620,1099.55,520.45,Debit Card,Delivered
ORD00908,15-09-26,Ahmedabad,Business Owner,Keyboard,Electronics,1,1800,5,1710,1072.87,637.13,Debit Card,Delivered
ORD00909,24-02-26,Gurgaon,Working Professional,Coffee Maker,Home Appliances,2,5200,0,10400,7959.32,2440.68,Net Banking,Returned
ORD00910,25-09-26,Chandigarh,Homemaker,Keyboard,Electronics,2,1800,15,3060,2142.73,917.27,Credit Card,Returned
ORD00911,28-05-26,Kolkata,Business Owner,Running Shoes,Footwear,1,3200,10,2880,1887.94,992.06,UPI,Cancelled
ORD00912,18-06-26,Bengaluru,Homemaker,Study Table,Furniture,2,6500,0,13000,8694,4306,Debit Card,Returned
ORD00913,16-07-26,Hyderabad,Business Owner,Bookshelf,Furniture,1,7200,5,6840,4469.53,2370.47,COD,Delivered
ORD00914,28-09-26,Noida,Student,Jeans,Fashion,2,1800,5,3420,2202.26,1217.74,COD,Delivered
ORD00915,14-03-26,Hyderabad,Working Professional,Running Shoes,Footwear,2,3200,0,6400,4418.56,1981.44,UPI,Delivered
ORD00916,04-07-26,Chandigarh,Working Professional,Headphones,Electronics,2,2200,5,4180,2973.58,1206.42,Debit Card,Delivered
ORD00917,27-08-26,Delhi,Homemaker,Mixer Grinder,Home Appliances,1,4200,5,3990,2668.93,1321.07,Debit Card,Delivered
ORD00918,31-08-26,Mumbai,Homemaker,Bookshelf,Furniture,2,7200,15,12240,9317.57,2922.43,Credit Card,Delivered
ORD00919,24-02-26,Kolkata,Homemaker,Running Shoes,Footwear,2,3200,10,5760,4500.76,1259.24,Net Banking,Delivered
ORD00920,03-09-26,Chandigarh,Business Owner,Monitor,Electronics,2,14000,15,23800,15547.49,8252.51,Net Banking,Delivered
ORD00921,03-05-26,Jaipur,Business Owner,Casual Shoes,Footwear,1,2800,15,2380,1669.74,710.26,Credit Card,Delivered
ORD00922,25-03-26,Bengaluru,Business Owner,Keyboard,Electronics,1,1800,0,1800,1445.96,354.04,COD,Delivered
ORD00923,09-05-26,Bengaluru,Business Owner,Mouse,Electronics,2,900,5,1710,1098.05,611.95,Credit Card,Returned
ORD00924,14-09-26,Ahmedabad,Business Owner,Smartphone,Electronics,1,28000,0,28000,19070.69,8929.31,UPI,Delivered
ORD00925,15-02-26,Lucknow,Working Professional,Casual Shoes,Footwear,2,2800,0,5600,4014.09,1585.91,Net Banking,Delivered
ORD00926,20-06-26,Delhi,Homemaker,Running Shoes,Footwear,4,3200,0,12800,9579.63,3220.37,Net Banking,Delivered
ORD00927,29-09-26,Chandigarh,Business Owner,Keyboard,Electronics,1,1800,20,1440,919.02,520.98,Credit Card,Delivered
ORD00928,01-04-26,Ahmedabad,Working Professional,Monitor,Electronics,1,14000,5,13300,9985.29,3314.71,COD,Delivered
ORD00929,22-06-26,Jaipur,Business Owner,Casual Shoes,Footwear,3,2800,10,7560,4977.5,2582.5,Debit Card,Delivered
ORD00930,11-01-26,Chandigarh,Business Owner,Bookshelf,Furniture,1,7200,15,6120,4526.33,1593.67,UPI,Delivered
ORD00931,22-02-26,Bengaluru,Working Professional,Jeans,Fashion,2,1800,10,3240,2402.77,837.23,Debit Card,Delivered
ORD00932,22-06-26,Noida,Working Professional,Monitor,Electronics,4,14000,15,47600,32007.84,15592.16,Credit Card,Delivered
ORD00933,18-05-26,Kolkata,Business Owner,Office Chair,Furniture,1,8500,15,7225,5725.08,1499.92,Net Banking,Delivered
ORD00934,31-07-26,Delhi,Business Owner,Air Fryer,Home Appliances,1,6800,10,6120,3949.63,2170.37,COD,Delivered
ORD00935,15-08-26,Hyderabad,Homemaker,Travel Bag,Bags,2,2600,5,4940,3685.35,1254.65,Net Banking,Delivered
ORD00936,06-08-26,Pune,Student,Running Shoes,Footwear,2,3200,20,5120,3501.79,1618.21,UPI,Delivered
ORD00937,02-03-26,Lucknow,Business Owner,Running Shoes,Footwear,2,3200,5,6080,4945.18,1134.82,Credit Card,Delivered
ORD00938,07-09-26,Pune,Student,Backpack,Bags,2,1800,15,3060,2105,955,Net Banking,Returned
ORD00939,27-04-26,Kolkata,Working Professional,Smartphone,Electronics,1,28000,5,26600,16953.58,9646.42,COD,Delivered
ORD00940,16-02-26,Gurgaon,Working Professional,Electric Kettle,Home Appliances,1,2200,20,1760,1179.53,580.47,COD,Delivered
ORD00941,10-09-26,Lucknow,Homemaker,T-Shirt,Fashion,1,900,15,765,559.59,205.41,Debit Card,Delivered
ORD00942,30-06-26,Noida,Student,Air Fryer,Home Appliances,3,6800,5,19380,14278.71,5101.29,Net Banking,Delivered
ORD00943,12-08-26,Bengaluru,Business Owner,Study Table,Furniture,1,6500,20,5200,3597.93,1602.07,COD,Delivered
ORD00944,29-01-26,Ahmedabad,Homemaker,Keyboard,Electronics,4,1800,10,6480,4119.43,2360.57,Net Banking,Delivered
ORD00945,30-05-26,Hyderabad,Student,Jacket,Fashion,3,3500,0,10500,7699.75,2800.25,UPI,Delivered
ORD00946,08-05-26,Noida,Business Owner,Headphones,Electronics,2,2200,0,4400,2788.4,1611.6,Net Banking,Delivered
ORD00947,05-01-26,Delhi,Student,Mouse,Electronics,1,900,20,720,589.71,130.29,COD,Delivered
ORD00948,25-05-26,Delhi,Business Owner,Smartwatch,Electronics,4,4500,0,18000,12035.84,5964.16,Debit Card,Delivered
ORD00949,08-05-26,Jaipur,Student,Monitor,Electronics,1,14000,0,14000,11003.44,2996.56,UPI,Delivered
ORD00950,01-10-26,Jaipur,Student,Running Shoes,Footwear,1,3200,20,2560,1894.12,665.88,Credit Card,Returned
ORD00951,19-09-26,Noida,Working Professional,Casual Shoes,Footwear,4,2800,5,10640,8249.04,2390.96,Net Banking,Delivered
ORD00952,09-01-26,Chandigarh,Homemaker,Coffee Maker,Home Appliances,2,5200,20,8320,6401.75,1918.25,Credit Card,Delivered
ORD00953,05-06-26,Mumbai,Student,T-Shirt,Fashion,1,900,0,900,673.47,226.53,Net Banking,Returned
ORD00954,28-01-26,Ahmedabad,Business Owner,Laptop,Electronics,2,55000,5,104500,68520.5,35979.5,Credit Card,Delivered
ORD00955,24-02-26,Noida,Business Owner,Office Chair,Furniture,3,8500,10,22950,16624.69,6325.31,UPI,Delivered
ORD00956,24-05-26,Chandigarh,Student,Headphones,Electronics,1,2200,10,1980,1347.68,632.32,Net Banking,Returned
ORD00957,26-02-26,Kolkata,Working Professional,Running Shoes,Footwear,2,3200,5,6080,4246.94,1833.06,Debit Card,Returned
ORD00958,09-04-26,Kolkata,Business Owner,Tablet,Electronics,2,18000,5,34200,23266.37,10933.63,COD,Delivered
ORD00959,22-06-26,Kolkata,Homemaker,Laptop,Electronics,4,55000,10,198000,157599.39,40400.61,COD,Delivered
ORD00960,20-03-26,Lucknow,Homemaker,Office Chair,Furniture,1,8500,15,7225,4801.75,2423.25,COD,Cancelled
ORD00961,25-08-26,Hyderabad,Student,Keyboard,Electronics,1,1800,10,1620,1043.77,576.23,Net Banking,Delivered
ORD00962,15-09-26,Delhi,Student,Running Shoes,Footwear,2,3200,0,6400,4581.44,1818.56,Debit Card,Delivered
ORD00963,21-02-26,Hyderabad,Student,Mixer Grinder,Home Appliances,1,4200,5,3990,2884.92,1105.08,Credit Card,Returned
ORD00964,12-05-26,Delhi,Business Owner,Travel Bag,Bags,2,2600,10,4680,3519.47,1160.53,Net Banking,Returned
ORD00965,21-05-26,Gurgaon,Business Owner,Smartwatch,Electronics,2,4500,0,9000,6126.02,2873.98,COD,Delivered
ORD00966,05-04-26,Hyderabad,Business Owner,Smartphone,Electronics,1,28000,10,25200,18867.77,6332.23,Net Banking,Returned
ORD00967,23-02-26,Bengaluru,Business Owner,Headphones,Electronics,3,2200,10,5940,3982.76,1957.24,COD,Delivered
ORD00968,02-02-26,Noida,Business Owner,Coffee Maker,Home Appliances,2,5200,15,8840,6350.24,2489.76,Credit Card,Delivered
ORD00969,20-06-26,Noida,Homemaker,Keyboard,Electronics,1,1800,0,1800,1344.75,455.25,Credit Card,Delivered
ORD00970,12-02-26,Ahmedabad,Working Professional,Jeans,Fashion,2,1800,10,3240,2425.88,814.12,Credit Card,Delivered
ORD00971,28-01-26,Noida,Homemaker,Running Shoes,Footwear,3,3200,15,8160,6225.77,1934.23,Credit Card,Delivered
ORD00972,03-03-26,Hyderabad,Homemaker,Mouse,Electronics,3,900,5,2565,2049.54,515.46,Net Banking,Delivered
ORD00973,19-08-26,Noida,Working Professional,Jeans,Fashion,1,1800,0,1800,1203.05,596.95,Debit Card,Delivered
ORD00974,27-08-26,Pune,Working Professional,Backpack,Bags,1,1800,15,1530,1101.5,428.5,COD,Delivered
ORD00975,16-01-26,Chandigarh,Homemaker,Coffee Maker,Home Appliances,1,5200,0,5200,3704.17,1495.83,Credit Card,Delivered
ORD00976,22-06-26,Gurgaon,Homemaker,Jacket,Fashion,1,3500,10,3150,2091.46,1058.54,COD,Delivered
ORD00977,01-04-26,Bengaluru,Homemaker,Bookshelf,Furniture,2,7200,0,14400,9925.22,4474.78,Credit Card,Delivered
ORD00978,03-06-26,Hyderabad,Student,Backpack,Bags,1,1800,0,1800,1397.57,402.43,Debit Card,Delivered
ORD00979,04-01-26,Noida,Working Professional,Tablet,Electronics,1,18000,5,17100,12537.44,4562.56,Net Banking,Delivered
ORD00980,29-03-26,Ahmedabad,Working Professional,Jeans,Fashion,1,1800,10,1620,1070.58,549.42,Credit Card,Delivered
ORD00981,19-01-26,Lucknow,Homemaker,Coffee Maker,Home Appliances,2,5200,15,8840,7006.77,1833.23,UPI,Returned
ORD00982,18-03-26,Hyderabad,Homemaker,Tablet,Electronics,1,18000,5,17100,13137.73,3962.27,UPI,Delivered
ORD00983,12-04-26,Bengaluru,Business Owner,Bookshelf,Furniture,2,7200,5,13680,11196.24,2483.76,Credit Card,Delivered
ORD00984,18-01-26,Noida,Working Professional,Bookshelf,Furniture,1,7200,15,6120,4410.51,1709.49,Net Banking,Delivered
ORD00985,05-06-26,Kolkata,Working Professional,Jacket,Fashion,1,3500,10,3150,2551.45,598.55,COD,Delivered
ORD00986,02-09-26,Pune,Student,Electric Kettle,Home Appliances,1,2200,0,2200,1566.6,633.4,COD,Delivered
ORD00987,24-07-26,Pune,Working Professional,Bookshelf,Furniture,1,7200,5,6840,5250.7,1589.3,COD,Delivered
ORD00988,14-04-26,Ahmedabad,Homemaker,Mouse,Electronics,5,900,20,3600,2855.03,744.97,COD,Delivered
ORD00989,06-01-26,Noida,Business Owner,T-Shirt,Fashion,1,900,5,855,555.34,299.66,Credit Card,Delivered
ORD00990,15-04-26,Chandigarh,Homemaker,Running Shoes,Footwear,2,3200,5,6080,4277.34,1802.66,Credit Card,Delivered
ORD00991,08-05-26,Lucknow,Working Professional,Mixer Grinder,Home Appliances,2,4200,15,7140,5565.3,1574.7,Credit Card,Delivered
ORD00992,24-03-26,Pune,Working Professional,Laptop,Electronics,1,55000,10,49500,34743.1,14756.9,Credit Card,Cancelled
ORD00993,05-07-26,Kolkata,Working Professional,Headphones,Electronics,1,2200,0,2200,1692.77,507.23,UPI,Returned
ORD00994,07-08-26,Noida,Working Professional,Keyboard,Electronics,3,1800,5,5130,4071.73,1058.27,UPI,Returned
ORD00995,13-07-26,Delhi,Student,Travel Bag,Bags,3,2600,10,7020,5742.09,1277.91,Debit Card,Delivered
ORD00996,12-04-26,Mumbai,Student,Backpack,Bags,1,1800,5,1710,1111.62,598.38,Debit Card,Delivered
ORD00997,06-09-26,Mumbai,Homemaker,Keyboard,Electronics,1,1800,10,1620,1139.25,480.75,Credit Card,Delivered
ORD00998,20-05-26,Hyderabad,Homemaker,Electric Kettle,Home Appliances,2,2200,15,3740,2603.28,1136.72,COD,Delivered
ORD00999,25-02-26,Noida,Business Owner,Jacket,Fashion,1,3500,5,3325,2306.57,1018.43,Debit Card,Delivered
ORD01000,28-04-26,Mumbai,Student,Smartwatch,Electronics,2,4500,20,7200,5134.1,2065.9,Debit Card,Returned
